// Auto-generated from kws_int8.tflite — do not edit by hand
#pragma once
#include <cstdint>

alignas(16) const unsigned char g_kws_model[] = {
  0x1c, 0x00, 0x00, 0x00, 0x54, 0x46, 0x4c, 0x33, 0x14, 0x00, 0x20, 0x00,
  0x1c, 0x00, 0x18, 0x00, 0x14, 0x00, 0x10, 0x00, 0x0c, 0x00, 0x00, 0x00,
  0x08, 0x00, 0x04, 0x00, 0x14, 0x00, 0x00, 0x00, 0x1c, 0x00, 0x00, 0x00,
  0x8c, 0x00, 0x00, 0x00, 0xe4, 0x00, 0x00, 0x00, 0x94, 0x25, 0x00, 0x00,
  0xa4, 0x25, 0x00, 0x00, 0x98, 0x50, 0x00, 0x00, 0x03, 0x00, 0x00, 0x00,
  0x01, 0x00, 0x00, 0x00, 0x10, 0x00, 0x00, 0x00, 0x00, 0x00, 0x0a, 0x00,
  0x10, 0x00, 0x0c, 0x00, 0x08, 0x00, 0x04, 0x00, 0x0a, 0x00, 0x00, 0x00,
  0x0c, 0x00, 0x00, 0x00, 0x1c, 0x00, 0x00, 0x00, 0x38, 0x00, 0x00, 0x00,
  0x0f, 0x00, 0x00, 0x00, 0x73, 0x65, 0x72, 0x76, 0x69, 0x6e, 0x67, 0x5f,
  0x64, 0x65, 0x66, 0x61, 0x75, 0x6c, 0x74, 0x00, 0x01, 0x00, 0x00, 0x00,
  0x04, 0x00, 0x00, 0x00, 0x9c, 0xff, 0xff, 0xff, 0x26, 0x00, 0x00, 0x00,
  0x04, 0x00, 0x00, 0x00, 0x07, 0x00, 0x00, 0x00, 0x64, 0x65, 0x6e, 0x73,
  0x65, 0x5f, 0x31, 0x00, 0x01, 0x00, 0x00, 0x00, 0x04, 0x00, 0x00, 0x00,
  0x2a, 0xda, 0xff, 0xff, 0x04, 0x00, 0x00, 0x00, 0x07, 0x00, 0x00, 0x00,
  0x69, 0x6e, 0x70, 0x75, 0x74, 0x5f, 0x31, 0x00, 0x02, 0x00, 0x00, 0x00,
  0x34, 0x00, 0x00, 0x00, 0x04, 0x00, 0x00, 0x00, 0xdc, 0xff, 0xff, 0xff,
  0x29, 0x00, 0x00, 0x00, 0x04, 0x00, 0x00, 0x00, 0x13, 0x00, 0x00, 0x00,
  0x43, 0x4f, 0x4e, 0x56, 0x45, 0x52, 0x53, 0x49, 0x4f, 0x4e, 0x5f, 0x4d,
  0x45, 0x54, 0x41, 0x44, 0x41, 0x54, 0x41, 0x00, 0x08, 0x00, 0x0c, 0x00,
  0x08, 0x00, 0x04, 0x00, 0x08, 0x00, 0x00, 0x00, 0x28, 0x00, 0x00, 0x00,
  0x04, 0x00, 0x00, 0x00, 0x13, 0x00, 0x00, 0x00, 0x6d, 0x69, 0x6e, 0x5f,
  0x72, 0x75, 0x6e, 0x74, 0x69, 0x6d, 0x65, 0x5f, 0x76, 0x65, 0x72, 0x73,
  0x69, 0x6f, 0x6e, 0x00, 0x2a, 0x00, 0x00, 0x00, 0xac, 0x24, 0x00, 0x00,
  0xa4, 0x24, 0x00, 0x00, 0x8c, 0x24, 0x00, 0x00, 0x64, 0x24, 0x00, 0x00,
  0xd4, 0x22, 0x00, 0x00, 0xc4, 0x21, 0x00, 0x00, 0xb4, 0x11, 0x00, 0x00,
  0x64, 0x11, 0x00, 0x00, 0x14, 0x11, 0x00, 0x00, 0x04, 0x10, 0x00, 0x00,
  0xf4, 0x07, 0x00, 0x00, 0x64, 0x07, 0x00, 0x00, 0x34, 0x06, 0x00, 0x00,
  0x04, 0x06, 0x00, 0x00, 0xd4, 0x05, 0x00, 0x00, 0x44, 0x05, 0x00, 0x00,
  0x34, 0x03, 0x00, 0x00, 0xe4, 0x02, 0x00, 0x00, 0x44, 0x02, 0x00, 0x00,
  0x24, 0x02, 0x00, 0x00, 0x04, 0x02, 0x00, 0x00, 0xb4, 0x01, 0x00, 0x00,
  0x14, 0x01, 0x00, 0x00, 0x0c, 0x01, 0x00, 0x00, 0x04, 0x01, 0x00, 0x00,
  0xfc, 0x00, 0x00, 0x00, 0xf4, 0x00, 0x00, 0x00, 0xec, 0x00, 0x00, 0x00,
  0xe4, 0x00, 0x00, 0x00, 0xdc, 0x00, 0x00, 0x00, 0xd4, 0x00, 0x00, 0x00,
  0xcc, 0x00, 0x00, 0x00, 0xc4, 0x00, 0x00, 0x00, 0xbc, 0x00, 0x00, 0x00,
  0xb4, 0x00, 0x00, 0x00, 0xac, 0x00, 0x00, 0x00, 0xa4, 0x00, 0x00, 0x00,
  0x9c, 0x00, 0x00, 0x00, 0x94, 0x00, 0x00, 0x00, 0x8c, 0x00, 0x00, 0x00,
  0x6c, 0x00, 0x00, 0x00, 0x04, 0x00, 0x00, 0x00, 0x46, 0xdb, 0xff, 0xff,
  0x04, 0x00, 0x00, 0x00, 0x58, 0x00, 0x00, 0x00, 0x0c, 0x00, 0x00, 0x00,
  0x08, 0x00, 0x0e, 0x00, 0x08, 0x00, 0x04, 0x00, 0x08, 0x00, 0x00, 0x00,
  0x10, 0x00, 0x00, 0x00, 0x28, 0x00, 0x00, 0x00, 0x00, 0x00, 0x06, 0x00,
  0x08, 0x00, 0x04, 0x00, 0x06, 0x00, 0x00, 0x00, 0x04, 0x00, 0x00, 0x00,
  0x01, 0x00, 0x00, 0x00, 0xeb, 0x03, 0x00, 0x00, 0x00, 0x00, 0x0a, 0x00,
  0x10, 0x00, 0x0c, 0x00, 0x08, 0x00, 0x04, 0x00, 0x0a, 0x00, 0x00, 0x00,
  0x02, 0x00, 0x00, 0x00, 0x02, 0x00, 0x00, 0x00, 0x04, 0x00, 0x00, 0x00,
  0x06, 0x00, 0x00, 0x00, 0x32, 0x2e, 0x31, 0x35, 0x2e, 0x31, 0x00, 0x00,
  0xaa, 0xdb, 0xff, 0xff, 0x04, 0x00, 0x00, 0x00, 0x10, 0x00, 0x00, 0x00,
  0x31, 0x2e, 0x31, 0x34, 0x2e, 0x30, 0x00, 0x00, 0x00, 0x00, 0x00, 0x00,
  0x00, 0x00, 0x00, 0x00, 0x68, 0xb2, 0xff, 0xff, 0x6c, 0xb2, 0xff, 0xff,
  0x70, 0xb2, 0xff, 0xff, 0x74, 0xb2, 0xff, 0xff, 0x78, 0xb2, 0xff, 0xff,
  0x7c, 0xb2, 0xff, 0xff, 0x80, 0xb2, 0xff, 0xff, 0x84, 0xb2, 0xff, 0xff,
  0x88, 0xb2, 0xff, 0xff, 0x8c, 0xb2, 0xff, 0xff, 0x90, 0xb2, 0xff, 0xff,
  0x94, 0xb2, 0xff, 0xff, 0x98, 0xb2, 0xff, 0xff, 0x9c, 0xb2, 0xff, 0xff,
  0xa0, 0xb2, 0xff, 0xff, 0xa4, 0xb2, 0xff, 0xff, 0xa8, 0xb2, 0xff, 0xff,
  0x0a, 0xdc, 0xff, 0xff, 0x04, 0x00, 0x00, 0x00, 0x90, 0x00, 0x00, 0x00,
  0x78, 0x20, 0xcc, 0x7a, 0x7f, 0x77, 0xed, 0x93, 0x35, 0xe5, 0xbb, 0x7f,
  0xce, 0xe6, 0xd3, 0xc4, 0x98, 0x87, 0x14, 0xa5, 0x81, 0x05, 0x9e, 0xff,
  0xc2, 0xda, 0x4e, 0x3d, 0xa4, 0x98, 0x6c, 0x88, 0x84, 0x08, 0x21, 0x81,
  0xd2, 0x2a, 0xed, 0x5a, 0x69, 0xa8, 0x81, 0xae, 0xa3, 0x81, 0xdf, 0x75,
  0x83, 0xe4, 0xff, 0x9b, 0x6c, 0xe3, 0x0d, 0xe5, 0xde, 0xe1, 0x18, 0x40,
  0xa7, 0x52, 0x7f, 0x9a, 0xf4, 0xe6, 0x4e, 0x94, 0x4c, 0x53, 0xb5, 0x81,
  0xba, 0xd7, 0xc0, 0xe1, 0x5f, 0x8a, 0xdf, 0x7f, 0x3d, 0x81, 0x29, 0xe4,
  0x0e, 0x5e, 0x60, 0x98, 0xc1, 0xd8, 0x34, 0x55, 0x90, 0xb9, 0x47, 0x37,
  0x50, 0x7f, 0xc3, 0x33, 0x23, 0xc5, 0xf1, 0xa1, 0x8c, 0x88, 0x0e, 0x7f,
  0x7c, 0xe0, 0x7f, 0xf8, 0xb2, 0x8a, 0x2e, 0xfe, 0xb8, 0x4a, 0x7f, 0x76,
  0xb3, 0x3a, 0x49, 0x1d, 0x7f, 0xa1, 0x40, 0x4b, 0x01, 0x77, 0x7f, 0xea,
  0x82, 0xdc, 0xbe, 0x86, 0xc0, 0x7f, 0xd8, 0xae, 0xfb, 0xda, 0x2f, 0x0a,
  0xa6, 0xdc, 0xff, 0xff, 0x04, 0x00, 0x00, 0x00, 0x40, 0x00, 0x00, 0x00,
  0x87, 0x00, 0x00, 0x00, 0x0b, 0x00, 0x00, 0x00, 0xc0, 0xff, 0xff, 0xff,
  0x34, 0x00, 0x00, 0x00, 0x86, 0x00, 0x00, 0x00, 0xc7, 0xfe, 0xff, 0xff,
  0x26, 0xff, 0xff, 0xff, 0xdb, 0x00, 0x00, 0x00, 0xa9, 0xff, 0xff, 0xff,
  0x8d, 0x01, 0x00, 0x00, 0xe6, 0x01, 0x00, 0x00, 0x7c, 0xff, 0xff, 0xff,
  0x13, 0x01, 0x00, 0x00, 0x13, 0xfe, 0xff, 0xff, 0x2d, 0x01, 0x00, 0x00,
  0x62, 0x01, 0x00, 0x00, 0xf2, 0xdc, 0xff, 0xff, 0x04, 0x00, 0x00, 0x00,
  0x10, 0x00, 0x00, 0x00, 0x7d, 0x7f, 0x7b, 0x7e, 0x7e, 0x7c, 0x7d, 0x7f,
  0x7d, 0x7e, 0x7e, 0x7c, 0x7c, 0x7e, 0x7d, 0x7d, 0x0e, 0xdd, 0xff, 0xff,
  0x04, 0x00, 0x00, 0x00, 0x10, 0x00, 0x00, 0x00, 0x80, 0x35, 0xdb, 0x99,
  0x4d, 0xea, 0x17, 0x5e, 0x26, 0x7f, 0x48, 0x1d, 0x2e, 0xc2, 0x09, 0xef,
  0x2a, 0xdd, 0xff, 0xff, 0x04, 0x00, 0x00, 0x00, 0x90, 0x00, 0x00, 0x00,
  0x76, 0xa1, 0x42, 0x7f, 0x58, 0xc1, 0x7f, 0xd0, 0xb1, 0x14, 0x7f, 0xdb,
  0x19, 0x7f, 0x3c, 0x25, 0xe5, 0xf3, 0x77, 0x8b, 0x15, 0x6a, 0xcf, 0x81,
  0x05, 0x81, 0x3f, 0x2b, 0x20, 0x5e, 0xd9, 0xa2, 0x15, 0x02, 0x7f, 0xcb,
  0xf3, 0xb9, 0x0b, 0xa0, 0x9e, 0x72, 0x9b, 0x6a, 0x33, 0x06, 0xb2, 0x61,
  0xf1, 0x60, 0xd9, 0x24, 0xc1, 0x9d, 0x96, 0xd7, 0x7f, 0x45, 0xe1, 0x7f,
  0x81, 0xff, 0x7f, 0x81, 0x7f, 0x34, 0xdc, 0xb8, 0xf5, 0xd7, 0xb0, 0x24,
  0xd9, 0xb9, 0x5b, 0x05, 0x19, 0xd9, 0x7a, 0x22, 0x62, 0x13, 0xdc, 0xdf,
  0xb7, 0x09, 0xfa, 0x8b, 0x83, 0xe3, 0x27, 0x65, 0x2a, 0x3a, 0xce, 0x79,
  0x44, 0x8d, 0x8b, 0x4b, 0x6c, 0x81, 0x6c, 0x8b, 0x41, 0x45, 0xcf, 0x02,
  0x8d, 0x5f, 0xc0, 0xaa, 0x50, 0x81, 0xc9, 0xb2, 0xac, 0x58, 0x19, 0x2a,
  0x05, 0x78, 0xea, 0x94, 0x1d, 0x06, 0xd2, 0xce, 0x3b, 0xcf, 0x72, 0xfc,
  0x81, 0xe9, 0xcb, 0xa9, 0x07, 0xf2, 0x71, 0xaf, 0x59, 0x94, 0xa6, 0xfe,
  0xc6, 0xdd, 0xff, 0xff, 0x04, 0x00, 0x00, 0x00, 0x40, 0x00, 0x00, 0x00,
  0x00, 0x00, 0x00, 0x00, 0x00, 0x00, 0x00, 0x00, 0x00, 0x00, 0x00, 0x00,
  0x00, 0x00, 0x00, 0x00, 0x00, 0x00, 0x00, 0x00, 0x00, 0x00, 0x00, 0x00,
  0x00, 0x00, 0x00, 0x00, 0x00, 0x00, 0x00, 0x00, 0x00, 0x00, 0x00, 0x00,
  0x00, 0x00, 0x00, 0x00, 0x00, 0x00, 0x00, 0x00, 0x00, 0x00, 0x00, 0x00,
  0x00, 0x00, 0x00, 0x00, 0x00, 0x00, 0x00, 0x00, 0x00, 0x00, 0x00, 0x00,
  0x00, 0x00, 0x00, 0x00, 0x12, 0xde, 0xff, 0xff, 0x04, 0x00, 0x00, 0x00,
  0x00, 0x02, 0x00, 0x00, 0xda, 0x2c, 0x16, 0x0a, 0x17, 0x9d, 0xa5, 0xa3,
  0x84, 0x2c, 0x90, 0x4a, 0x7f, 0x9b, 0xc5, 0x07, 0x16, 0xa5, 0xa8, 0xaa,
  0x91, 0x7f, 0x30, 0xc0, 0x62, 0x54, 0x02, 0x94, 0xfa, 0x2d, 0x6d, 0x67,
  0x7f, 0x28, 0x42, 0xed, 0x23, 0xf9, 0xa9, 0xc8, 0xc6, 0xff, 0xff, 0xa4,
  0x3b, 0xd7, 0x90, 0x68, 0x4c, 0x4c, 0x8c, 0xc3, 0x87, 0x20, 0xc0, 0x7f,
  0xb9, 0xe6, 0x56, 0xbd, 0x64, 0xb3, 0x15, 0x2e, 0x17, 0xc7, 0xa9, 0x89,
  0xb2, 0xfc, 0x44, 0x91, 0x1b, 0xb7, 0x81, 0xd0, 0x40, 0xc0, 0x61, 0xe0,
  0x5c, 0x66, 0xf1, 0x1d, 0xa3, 0x62, 0xf1, 0xa6, 0x60, 0xb2, 0x1f, 0x7b,
  0x54, 0x45, 0x2f, 0x7f, 0xd2, 0x12, 0x75, 0x7a, 0x7f, 0x09, 0xc6, 0xd3,
  0x31, 0x4b, 0x18, 0xe1, 0x16, 0xc3, 0x8a, 0xd9, 0x79, 0x1c, 0x55, 0x72,
  0xb1, 0xdf, 0x7f, 0x63, 0x88, 0xaa, 0x5b, 0x63, 0xbe, 0x07, 0xc8, 0x7a,
  0x8e, 0x41, 0xa4, 0xc9, 0x4a, 0xb7, 0x28, 0x6f, 0xb2, 0x88, 0x81, 0x13,
  0x0b, 0xe5, 0x11, 0x4e, 0x81, 0x1f, 0xdd, 0xd4, 0x22, 0x31, 0xe4, 0xe4,
  0x1b, 0x61, 0x51, 0x5e, 0xc3, 0xf2, 0x43, 0x66, 0xf0, 0x7f, 0xa8, 0x08,
  0x35, 0x9f, 0x09, 0x69, 0x28, 0x16, 0xef, 0xfd, 0x44, 0x18, 0x0e, 0xad,
  0x4a, 0x0c, 0x18, 0xc4, 0xf4, 0x7f, 0x78, 0xab, 0x9d, 0x0c, 0x6b, 0xca,
  0x82, 0x46, 0xaa, 0x69, 0x7a, 0x3a, 0x81, 0x32, 0x2b, 0xd8, 0x38, 0x21,
  0x7e, 0xbc, 0x01, 0x2b, 0xbc, 0x89, 0x45, 0x49, 0x8a, 0xe9, 0xa1, 0x4f,
  0xf6, 0xbb, 0x58, 0x51, 0x49, 0x29, 0x70, 0x81, 0x4a, 0x78, 0xf0, 0xcb,
  0x57, 0x8f, 0x7f, 0x55, 0x86, 0x4d, 0x95, 0x2e, 0xba, 0xd6, 0xb9, 0x58,
  0xf3, 0x3e, 0x84, 0x8d, 0xa0, 0x0f, 0x57, 0x7f, 0x27, 0xed, 0x1e, 0x8d,
  0x1a, 0xd4, 0xa7, 0x0e, 0x9c, 0xcd, 0x9b, 0xe9, 0xd5, 0xb7, 0x7a, 0x44,
  0x50, 0xa6, 0x1b, 0x61, 0x75, 0x81, 0xe5, 0x76, 0x20, 0x30, 0x2e, 0xaa,
  0xfa, 0xbb, 0x57, 0x3e, 0x5c, 0x53, 0x60, 0x14, 0x21, 0x07, 0x81, 0x92,
  0x87, 0xa8, 0x95, 0xfa, 0xb9, 0x2a, 0x1d, 0x17, 0x0a, 0xab, 0x30, 0xc0,
  0x7f, 0x00, 0x47, 0x24, 0xf0, 0x89, 0x0a, 0x2c, 0x8c, 0x9c, 0x33, 0x00,
  0x7f, 0x82, 0x23, 0xe3, 0xcb, 0xab, 0x01, 0x55, 0xd3, 0x4b, 0xb1, 0xc4,
  0x6d, 0x17, 0xfd, 0x18, 0x81, 0x2f, 0x01, 0x14, 0x03, 0x08, 0x5f, 0x4e,
  0x8a, 0xd2, 0x45, 0x00, 0x0c, 0x5f, 0xc0, 0xb8, 0x60, 0xcf, 0xed, 0x13,
  0x4a, 0x75, 0x7f, 0x08, 0xa3, 0xd1, 0x60, 0x41, 0x61, 0x6d, 0x13, 0xf4,
  0x6b, 0xc6, 0x49, 0x33, 0xe6, 0x4e, 0x06, 0x8a, 0x4c, 0xba, 0xdf, 0x81,
  0x03, 0xa8, 0x48, 0x49, 0xf3, 0x96, 0x84, 0x81, 0x1e, 0x13, 0x43, 0xdb,
  0xf3, 0x07, 0x2e, 0x0f, 0x8d, 0x27, 0xcc, 0xc0, 0x07, 0x2d, 0x95, 0x21,
  0xc0, 0x6e, 0x81, 0x67, 0x6e, 0x70, 0x69, 0xd9, 0x08, 0x5c, 0x7d, 0x3c,
  0xc8, 0x8d, 0x7e, 0x23, 0xe9, 0x60, 0xf4, 0x2f, 0xab, 0x7f, 0x19, 0x0b,
  0x24, 0xe3, 0x2d, 0x68, 0xc3, 0x8c, 0x81, 0xbb, 0xdf, 0x54, 0x55, 0x8b,
  0x6c, 0x6e, 0xbf, 0xf6, 0xd7, 0x4f, 0x41, 0x26, 0x53, 0x2f, 0xac, 0x59,
  0x19, 0x35, 0xf3, 0x68, 0x7f, 0x0b, 0x02, 0xd4, 0x7c, 0xcf, 0x58, 0x8d,
  0x4c, 0xe7, 0x6a, 0x8e, 0x5b, 0xeb, 0xa9, 0x8f, 0x81, 0xc1, 0x07, 0x34,
  0xe0, 0x05, 0x2b, 0x96, 0x3e, 0x11, 0xe5, 0xc1, 0x81, 0xeb, 0xb3, 0x7e,
  0x8f, 0x36, 0x81, 0x4f, 0x98, 0xfa, 0xa3, 0x81, 0xef, 0xbb, 0x0e, 0xa6,
  0x5b, 0xe6, 0x6a, 0x56, 0xb9, 0xf7, 0xeb, 0x82, 0x7c, 0x32, 0xcd, 0x27,
  0x52, 0x7e, 0xe1, 0x6f, 0x7f, 0x01, 0x6b, 0xc9, 0xae, 0xc6, 0x35, 0x5e,
  0x1e, 0xe0, 0xff, 0xff, 0x04, 0x00, 0x00, 0x00, 0x80, 0x00, 0x00, 0x00,
  0x0f, 0x01, 0x00, 0x00, 0x25, 0x00, 0x00, 0x00, 0x54, 0xfe, 0xff, 0xff,
  0x79, 0xf8, 0xff, 0xff, 0x43, 0xfd, 0xff, 0xff, 0x7a, 0x02, 0x00, 0x00,
  0x3a, 0x02, 0x00, 0x00, 0xcd, 0x01, 0x00, 0x00, 0x40, 0xfc, 0xff, 0xff,
  0x56, 0x02, 0x00, 0x00, 0x1d, 0xfe, 0xff, 0xff, 0x49, 0xff, 0xff, 0xff,
  0xd2, 0xfc, 0xff, 0xff, 0xa0, 0x02, 0x00, 0x00, 0x8c, 0x00, 0x00, 0x00,
  0x38, 0xfd, 0xff, 0xff, 0xdf, 0xff, 0xff, 0xff, 0x3f, 0xfc, 0xff, 0xff,
  0xf3, 0x00, 0x00, 0x00, 0xe2, 0xff, 0xff, 0xff, 0xff, 0x03, 0x00, 0x00,
  0x3f, 0x03, 0x00, 0x00, 0xac, 0xff, 0xff, 0xff, 0xa1, 0x00, 0x00, 0x00,
  0x0e, 0xff, 0xff, 0xff, 0x8b, 0xfd, 0xff, 0xff, 0x89, 0x04, 0x00, 0x00,
  0x89, 0xff, 0xff, 0xff, 0xe4, 0xfd, 0xff, 0xff, 0x22, 0xff, 0xff, 0xff,
  0xcb, 0xfb, 0xff, 0xff, 0xcf, 0x00, 0x00, 0x00, 0xaa, 0xe0, 0xff, 0xff,
  0x04, 0x00, 0x00, 0x00, 0x20, 0x00, 0x00, 0x00, 0x7b, 0x7c, 0x7c, 0x7f,
  0x7d, 0x7b, 0x7d, 0x7c, 0x7f, 0x7d, 0x7e, 0x7a, 0x7e, 0x7c, 0x7c, 0x7d,
  0x7c, 0x7d, 0x7e, 0x7c, 0x7b, 0x7c, 0x7b, 0x7c, 0x7e, 0x7c, 0x7b, 0x7c,
  0x7e, 0x7c, 0x7e, 0x7d, 0xd6, 0xe0, 0xff, 0xff, 0x04, 0x00, 0x00, 0x00,
  0x20, 0x00, 0x00, 0x00, 0xd6, 0xf3, 0xb4, 0x22, 0xc7, 0xa0, 0x50, 0xd9,
  0x7f, 0x00, 0x39, 0x80, 0x21, 0x47, 0xd9, 0x2f, 0x1d, 0x60, 0x15, 0xff,
  0xc1, 0x15, 0xe1, 0x93, 0x1b, 0xda, 0x9f, 0x35, 0xea, 0xe7, 0xc9, 0xd8,
  0x02, 0xe1, 0xff, 0xff, 0x04, 0x00, 0x00, 0x00, 0x20, 0x01, 0x00, 0x00,
  0x02, 0xae, 0xbd, 0x44, 0x51, 0x3e, 0xbc, 0x53, 0xc4, 0x66, 0x60, 0xc8,
  0xef, 0x9b, 0x3a, 0xc4, 0x64, 0xf7, 0xb2, 0x5d, 0x46, 0xe6, 0xb0, 0x4d,
  0x39, 0xe2, 0x4f, 0x6b, 0xa6, 0x18, 0x7f, 0xfc, 0x7f, 0x1f, 0xe9, 0xd9,
  0x24, 0x7b, 0x41, 0x0a, 0x6d, 0x8d, 0xc6, 0x0a, 0x76, 0xef, 0xd3, 0x81,
  0xa8, 0x88, 0xf5, 0x7f, 0x9d, 0x9f, 0x7f, 0xd5, 0xfd, 0x4a, 0x9f, 0xde,
  0x5b, 0x36, 0xba, 0xbb, 0x99, 0x4e, 0xfb, 0x9c, 0x90, 0x61, 0x11, 0xe8,
  0x81, 0xd4, 0x03, 0x36, 0x71, 0x3a, 0x7a, 0x86, 0x7d, 0x81, 0xb8, 0x0c,
  0x04, 0x7f, 0x2a, 0x57, 0x73, 0xe1, 0x4b, 0xf9, 0x81, 0x7f, 0xc2, 0x93,
  0x2e, 0x42, 0x74, 0x50, 0xf0, 0xd3, 0x1a, 0xcd, 0x88, 0xa1, 0x17, 0xe6,
  0x1a, 0x6d, 0xea, 0x5d, 0x79, 0x4a, 0x81, 0xa0, 0xf7, 0x95, 0x58, 0xf3,
  0x7b, 0xe3, 0x0f, 0xb1, 0xe2, 0x0d, 0xf5, 0x77, 0x8b, 0xf8, 0xe4, 0xcb,
  0x3b, 0x85, 0x69, 0xf4, 0x85, 0x7f, 0x05, 0x04, 0x44, 0xc5, 0xcd, 0xf8,
  0x9c, 0x05, 0x3a, 0x92, 0x73, 0xdd, 0x86, 0xb7, 0xe6, 0x0a, 0x2b, 0x6b,
  0x22, 0xd6, 0x86, 0xde, 0x94, 0x81, 0x39, 0xb4, 0x81, 0x84, 0x32, 0x7f,
  0x56, 0x04, 0x90, 0x8f, 0x7f, 0x0d, 0x15, 0xd5, 0x31, 0xdf, 0xc2, 0x56,
  0x5b, 0x20, 0x18, 0x65, 0x92, 0x30, 0xb8, 0x7f, 0xd4, 0xf9, 0xf9, 0x07,
  0x72, 0xa2, 0x31, 0x19, 0x99, 0x07, 0x1e, 0xad, 0x5a, 0x34, 0x0c, 0x17,
  0x7f, 0x7f, 0xf3, 0xa2, 0x81, 0xd9, 0x9a, 0x21, 0xf6, 0x17, 0xfe, 0x98,
  0xb9, 0x81, 0xc5, 0x79, 0x5e, 0x0f, 0x29, 0xb9, 0x88, 0x8b, 0x9f, 0x64,
  0x02, 0x7f, 0xb1, 0x16, 0x77, 0xe4, 0x7f, 0xe7, 0x2c, 0x74, 0x81, 0x54,
  0x41, 0xc0, 0xa3, 0xe5, 0x81, 0xa7, 0xf5, 0x71, 0x45, 0x8c, 0x81, 0xe7,
  0xae, 0x7e, 0x13, 0x7f, 0xd5, 0xc8, 0x81, 0x7f, 0x1b, 0xfa, 0x81, 0x94,
  0xc6, 0x5a, 0xca, 0x7f, 0xfb, 0x43, 0xe8, 0x0a, 0xde, 0xcc, 0x29, 0xc1,
  0x18, 0xf5, 0xdc, 0x81, 0x81, 0x82, 0xc2, 0xf1, 0x51, 0x14, 0xdd, 0x3b,
  0x2e, 0xe2, 0xff, 0xff, 0x04, 0x00, 0x00, 0x00, 0x80, 0x00, 0x00, 0x00,
  0x00, 0x00, 0x00, 0x00, 0x00, 0x00, 0x00, 0x00, 0x00, 0x00, 0x00, 0x00,
  0x00, 0x00, 0x00, 0x00, 0x00, 0x00, 0x00, 0x00, 0x00, 0x00, 0x00, 0x00,
  0x00, 0x00, 0x00, 0x00, 0x00, 0x00, 0x00, 0x00, 0x00, 0x00, 0x00, 0x00,
  0x00, 0x00, 0x00, 0x00, 0x00, 0x00, 0x00, 0x00, 0x00, 0x00, 0x00, 0x00,
  0x00, 0x00, 0x00, 0x00, 0x00, 0x00, 0x00, 0x00, 0x00, 0x00, 0x00, 0x00,
  0x00, 0x00, 0x00, 0x00, 0x00, 0x00, 0x00, 0x00, 0x00, 0x00, 0x00, 0x00,
  0x00, 0x00, 0x00, 0x00, 0x00, 0x00, 0x00, 0x00, 0x00, 0x00, 0x00, 0x00,
  0x00, 0x00, 0x00, 0x00, 0x00, 0x00, 0x00, 0x00, 0x00, 0x00, 0x00, 0x00,
  0x00, 0x00, 0x00, 0x00, 0x00, 0x00, 0x00, 0x00, 0x00, 0x00, 0x00, 0x00,
  0x00, 0x00, 0x00, 0x00, 0x00, 0x00, 0x00, 0x00, 0x00, 0x00, 0x00, 0x00,
  0x00, 0x00, 0x00, 0x00, 0x00, 0x00, 0x00, 0x00, 0xba, 0xe2, 0xff, 0xff,
  0x04, 0x00, 0x00, 0x00, 0x00, 0x08, 0x00, 0x00, 0xad, 0x3d, 0xd7, 0x32,
  0x19, 0xaa, 0x6c, 0xbb, 0x12, 0x5e, 0xf2, 0x76, 0xd8, 0x7f, 0xf5, 0x3f,
  0x64, 0xf4, 0xb4, 0xe8, 0x57, 0x9b, 0xdb, 0x0a, 0xe4, 0x54, 0x23, 0x3f,
  0x5b, 0x1e, 0xae, 0x7a, 0x24, 0xc4, 0x83, 0x4b, 0x7b, 0xe7, 0xe5, 0x8b,
  0x6f, 0x47, 0x27, 0x59, 0x9c, 0x5c, 0x6c, 0x81, 0x47, 0x87, 0x97, 0x1b,
  0x74, 0x8f, 0x19, 0x71, 0x5c, 0x38, 0x54, 0x2a, 0xb6, 0x7e, 0x45, 0x7f,
  0xf7, 0x0a, 0x5f, 0x25, 0x8a, 0x7f, 0xec, 0x8a, 0xeb, 0x2b, 0x27, 0xb6,
  0x73, 0x34, 0x76, 0x76, 0xc9, 0xae, 0x8e, 0x0d, 0xe0, 0x1b, 0xea, 0xc5,
  0xa2, 0xfd, 0x58, 0x63, 0xd0, 0x74, 0x91, 0x9e, 0xfb, 0x5c, 0xc5, 0xcf,
  0x19, 0x86, 0xc4, 0xab, 0x81, 0xdb, 0xcb, 0x57, 0x01, 0x14, 0xd1, 0x01,
  0xaa, 0xe1, 0x2d, 0xce, 0xb3, 0x99, 0x6a, 0x46, 0xd0, 0x81, 0x50, 0xeb,
  0xe2, 0x06, 0x68, 0x03, 0x15, 0x7f, 0x6b, 0x63, 0xca, 0xfd, 0x17, 0x05,
  0x45, 0x3b, 0x6e, 0xfc, 0x5a, 0x7e, 0xbb, 0xfc, 0xc1, 0xc7, 0x15, 0x3a,
  0x2d, 0xb6, 0xd3, 0xe0, 0x52, 0xc4, 0x6a, 0xf1, 0x24, 0x4b, 0xd3, 0x7f,
  0xc1, 0x8a, 0x9a, 0x82, 0x7f, 0xa5, 0x52, 0xc9, 0x69, 0xd5, 0x75, 0xed,
  0xc5, 0x4c, 0x50, 0x95, 0xc4, 0xf3, 0xa2, 0xc5, 0x23, 0x5a, 0x1d, 0xc2,
  0x14, 0xb5, 0x4c, 0x13, 0xf9, 0xde, 0x2f, 0xc0, 0xcf, 0x8f, 0xc8, 0x4a,
  0x91, 0xa4, 0x75, 0x50, 0xf6, 0x08, 0x75, 0xeb, 0x05, 0x81, 0xa7, 0x8b,
  0xbd, 0xa2, 0x6b, 0x2c, 0x39, 0x67, 0x91, 0x88, 0x48, 0x0b, 0x95, 0x6d,
  0xfd, 0xbc, 0x6a, 0x31, 0xef, 0x2b, 0x4f, 0x26, 0xda, 0x65, 0x73, 0x4f,
  0x00, 0x7c, 0xf3, 0x8b, 0xb3, 0x4d, 0xfd, 0xdc, 0xe5, 0x7f, 0x8d, 0xfd,
  0xa2, 0x0a, 0x5e, 0x15, 0x7b, 0x2f, 0xfb, 0xfb, 0xf8, 0x50, 0xa1, 0x2d,
  0x9a, 0x0a, 0x43, 0xa3, 0x44, 0xb1, 0x02, 0x81, 0x58, 0x2a, 0xa3, 0xdd,
  0x57, 0xc1, 0x32, 0x63, 0xca, 0xd5, 0xa8, 0x9d, 0xee, 0x8d, 0x5b, 0x4d,
  0x65, 0x38, 0x91, 0x3e, 0xd1, 0x15, 0xc7, 0xc7, 0x06, 0xec, 0x3a, 0x1d,
  0x2b, 0x74, 0xec, 0x0c, 0x7f, 0x68, 0xdf, 0x04, 0xde, 0x8c, 0x0d, 0xc9,
  0x65, 0x20, 0x4a, 0x62, 0xdb, 0xf0, 0x32, 0x55, 0x77, 0x26, 0xe1, 0x79,
  0xbb, 0x37, 0x13, 0x32, 0x0f, 0x8e, 0x54, 0x35, 0x7b, 0xee, 0xba, 0xbf,
  0x6c, 0x11, 0xce, 0xc5, 0x12, 0x84, 0xce, 0x4b, 0x19, 0x95, 0x19, 0x7f,
  0x54, 0x1c, 0x4e, 0x09, 0xde, 0x15, 0x77, 0xc1, 0x6a, 0xed, 0xc3, 0xa6,
  0x2d, 0xe4, 0x60, 0xac, 0x91, 0xd2, 0x3f, 0x8c, 0x1d, 0x38, 0x4d, 0xd3,
  0x0d, 0x05, 0xec, 0x5f, 0x2c, 0x81, 0xe2, 0xdf, 0x23, 0x2f, 0xe4, 0x09,
  0xfd, 0x50, 0x40, 0xf8, 0x0d, 0x88, 0x89, 0xf2, 0xd1, 0x2d, 0x1c, 0x7f,
  0xf2, 0xad, 0x7c, 0x2d, 0x7e, 0xb5, 0xfa, 0x40, 0x91, 0x38, 0x96, 0x5b,
  0x09, 0x31, 0x94, 0x58, 0x62, 0xb6, 0xfe, 0x5f, 0x5a, 0xc3, 0xc8, 0xd0,
  0x2e, 0xb3, 0x6a, 0x51, 0x0d, 0xbc, 0xc2, 0x52, 0xd3, 0xf8, 0x16, 0xda,
  0xff, 0x42, 0x30, 0x3a, 0xac, 0x5b, 0xe8, 0x7f, 0x21, 0x7f, 0x62, 0x07,
  0x32, 0xd4, 0x16, 0x4b, 0x2a, 0xbc, 0x10, 0xe3, 0x0d, 0xfe, 0xdc, 0xeb,
  0xab, 0xe9, 0xc1, 0x9b, 0x5f, 0x58, 0x8e, 0x78, 0x19, 0x50, 0x9c, 0xd1,
  0xde, 0xa8, 0x6b, 0x8c, 0x83, 0x15, 0x52, 0x2b, 0xc2, 0x4d, 0xc2, 0xe0,
  0x13, 0xe6, 0x58, 0x71, 0x67, 0x81, 0x14, 0x9c, 0xad, 0x67, 0x28, 0xb1,
  0x9a, 0x96, 0xb7, 0x81, 0x5a, 0x15, 0x46, 0xe8, 0x1a, 0xe7, 0xbc, 0x1c,
  0x63, 0xe2, 0x14, 0x4b, 0xa8, 0x0f, 0x0a, 0x5b, 0x21, 0xe9, 0x2f, 0x94,
  0x35, 0x89, 0xa4, 0x2f, 0x75, 0x05, 0xac, 0x05, 0x0b, 0x16, 0x05, 0xc7,
  0x44, 0x1c, 0x79, 0x63, 0x36, 0x75, 0x10, 0x36, 0xd9, 0xc4, 0x56, 0x40,
  0xcf, 0x09, 0x7f, 0x95, 0x42, 0xa2, 0xc7, 0x1a, 0x66, 0xdf, 0x21, 0x7e,
  0x3a, 0x52, 0x61, 0x9a, 0x57, 0x4e, 0x52, 0x9a, 0x6e, 0x90, 0x7f, 0x48,
  0x34, 0x4f, 0xed, 0x2d, 0x11, 0xc5, 0x9f, 0x8b, 0xdd, 0x29, 0xb4, 0xbc,
  0xe4, 0x82, 0xa9, 0x1a, 0xe3, 0x60, 0x79, 0xb0, 0x97, 0x9a, 0x7f, 0x59,
  0x42, 0x78, 0x94, 0xe9, 0x83, 0xe9, 0x1e, 0x27, 0x08, 0x90, 0x25, 0x17,
  0xf6, 0xb1, 0xd3, 0x77, 0x6c, 0x03, 0x34, 0xee, 0xf4, 0x2e, 0xb6, 0x9d,
  0x36, 0xf9, 0x43, 0xb3, 0x11, 0x0e, 0xcd, 0x00, 0x28, 0x91, 0xb7, 0xc1,
  0x32, 0xd9, 0xe0, 0xe1, 0x31, 0x7f, 0xca, 0xbc, 0xa0, 0x34, 0x64, 0x94,
  0xff, 0x60, 0x55, 0xbb, 0xb6, 0x16, 0x5a, 0xb6, 0xe7, 0xe6, 0x6b, 0x85,
  0xcb, 0xcc, 0x49, 0x48, 0x08, 0xc5, 0xc9, 0xd7, 0x1a, 0xb3, 0x3e, 0x48,
  0x9f, 0x34, 0x07, 0x23, 0x7f, 0xd4, 0x04, 0x50, 0x97, 0x8b, 0x47, 0x27,
  0xb3, 0x2e, 0xba, 0xcb, 0x23, 0x8e, 0xed, 0x4b, 0x33, 0x58, 0x50, 0x7f,
  0x86, 0x03, 0x4f, 0xe7, 0xc3, 0xb2, 0x52, 0xfb, 0xcc, 0x1c, 0x10, 0xe7,
  0x39, 0x47, 0x2b, 0x85, 0xcd, 0xc5, 0xbf, 0x03, 0x52, 0x2b, 0x70, 0x27,
  0xaf, 0xf4, 0x74, 0x22, 0x6d, 0x55, 0xd6, 0x43, 0x8d, 0xd6, 0x2a, 0x54,
  0x30, 0x4e, 0xfc, 0x73, 0x7f, 0xf0, 0x04, 0xf6, 0x02, 0xf6, 0xf5, 0x28,
  0x08, 0x3f, 0x5f, 0x3f, 0x44, 0xab, 0x35, 0x1b, 0xc6, 0x02, 0x56, 0xe4,
  0x86, 0x86, 0x9a, 0x9f, 0x7a, 0xc9, 0xd3, 0x51, 0xf5, 0x81, 0xc1, 0xdc,
  0xa2, 0xd9, 0xd3, 0xf9, 0xbf, 0x84, 0x2c, 0xf8, 0xd8, 0x44, 0x25, 0x9d,
  0x6b, 0x0b, 0xdf, 0x0e, 0x15, 0xc0, 0x83, 0x5c, 0x3d, 0x82, 0x97, 0x44,
  0x1d, 0x9d, 0x7d, 0x17, 0x57, 0x5e, 0x23, 0x0e, 0x90, 0x8d, 0xab, 0x12,
  0x59, 0x5e, 0x1a, 0x7f, 0x88, 0xd5, 0xdb, 0x18, 0xe0, 0x3f, 0x4a, 0x9e,
  0xc8, 0x4f, 0xb6, 0x75, 0x29, 0x5f, 0x94, 0xfe, 0x39, 0x3e, 0x81, 0xf4,
  0xb9, 0x5e, 0xea, 0x51, 0x3e, 0x9a, 0x0c, 0x6f, 0x57, 0x10, 0x6d, 0x65,
  0xa9, 0x35, 0x32, 0x94, 0xcb, 0xc4, 0x63, 0x42, 0x62, 0x42, 0x36, 0x29,
  0x7f, 0x72, 0x46, 0xd1, 0xea, 0x60, 0xf1, 0x0c, 0xc9, 0x55, 0xd7, 0xdc,
  0x6d, 0x55, 0x57, 0x64, 0x27, 0x2f, 0x3b, 0xdf, 0xe0, 0xb4, 0x18, 0x71,
  0xfa, 0xbb, 0x7c, 0x76, 0x31, 0xb8, 0xaf, 0x39, 0xd7, 0xf6, 0x51, 0xb8,
  0xc9, 0xe5, 0x84, 0xef, 0xf6, 0x3b, 0xdb, 0x20, 0x0a, 0xdb, 0xfc, 0x1e,
  0x92, 0x08, 0x7f, 0x02, 0xc3, 0x66, 0xa9, 0x02, 0xe8, 0xdd, 0x2d, 0x5b,
  0x62, 0x63, 0x3c, 0x48, 0x7d, 0x05, 0x2c, 0x9e, 0xb1, 0x92, 0x2e, 0x28,
  0xff, 0x7f, 0xea, 0x85, 0x12, 0x5f, 0xf4, 0x24, 0x96, 0xdc, 0x6e, 0xa9,
  0xba, 0x58, 0xf7, 0xa0, 0x70, 0x14, 0x11, 0x6c, 0xc3, 0xbe, 0x53, 0x75,
  0x53, 0xa4, 0xe5, 0x79, 0xdd, 0x5d, 0xee, 0xc5, 0x0c, 0x17, 0x95, 0x89,
  0x7f, 0x82, 0xa2, 0x6b, 0xf0, 0x5f, 0xdd, 0x88, 0x50, 0xb7, 0x26, 0xd0,
  0x1e, 0xb0, 0x67, 0x60, 0xb0, 0x88, 0xf9, 0x5a, 0x75, 0x78, 0x1c, 0x4e,
  0xd5, 0xba, 0x32, 0x66, 0x1b, 0x7d, 0xa3, 0x81, 0x3a, 0xc2, 0x3c, 0x76,
  0xfe, 0x29, 0x1f, 0x89, 0x44, 0x82, 0xb9, 0x25, 0x26, 0x8c, 0x25, 0x6b,
  0x6a, 0x0d, 0xc8, 0x93, 0x78, 0x6b, 0x17, 0x6d, 0x44, 0xac, 0xde, 0xf6,
  0xaa, 0xf6, 0x59, 0x2d, 0x4a, 0x49, 0xb9, 0xf6, 0xab, 0xe3, 0x20, 0x6a,
  0x15, 0xc3, 0xf0, 0xfc, 0x2a, 0x3e, 0xd1, 0x3e, 0x96, 0x3e, 0x7f, 0x01,
  0x78, 0x69, 0x19, 0x42, 0xb3, 0x6d, 0xde, 0xbe, 0x2e, 0x65, 0xac, 0xb0,
  0xd4, 0x57, 0x01, 0xc6, 0x86, 0x30, 0xb8, 0xc6, 0x93, 0x36, 0x28, 0xf5,
  0xcd, 0x41, 0x7f, 0x15, 0xea, 0xda, 0xec, 0xf5, 0xc0, 0x14, 0xdc, 0x4e,
  0x0a, 0x19, 0x4a, 0x32, 0x91, 0xa7, 0xcf, 0x6a, 0xcc, 0xb7, 0xfd, 0xa2,
  0xcb, 0x0a, 0x01, 0x25, 0xa2, 0x62, 0xfe, 0xf0, 0x10, 0xaf, 0x5f, 0xef,
  0x15, 0x3d, 0x81, 0xc4, 0x7a, 0xfa, 0x10, 0x81, 0xaf, 0x41, 0x13, 0x8f,
  0x0d, 0x77, 0x5e, 0x54, 0x62, 0x29, 0x35, 0x3b, 0x11, 0xfc, 0x9e, 0x2d,
  0x70, 0x5a, 0xf7, 0x6a, 0x1c, 0xa5, 0x1f, 0x14, 0x7b, 0x21, 0x60, 0xc1,
  0xb2, 0x46, 0x7f, 0x64, 0x84, 0x06, 0xc9, 0x7c, 0xae, 0x38, 0x06, 0xef,
  0xdb, 0x24, 0x7c, 0xbb, 0xb6, 0x60, 0x81, 0x7a, 0x2d, 0x12, 0x38, 0x8b,
  0xd5, 0xb2, 0x27, 0x1a, 0xe4, 0x61, 0xea, 0xc5, 0x8a, 0x4a, 0xfe, 0x4d,
  0x9f, 0xb4, 0x0e, 0x27, 0xaf, 0xf2, 0xb0, 0x76, 0xdf, 0x81, 0x59, 0xa1,
  0x69, 0x88, 0x4f, 0xe2, 0x91, 0x12, 0x53, 0x86, 0xe0, 0x52, 0x2c, 0x73,
  0xc6, 0xc1, 0x9d, 0xec, 0x18, 0xf3, 0x7f, 0x26, 0x3f, 0xcd, 0x75, 0x96,
  0x9b, 0x5f, 0xcb, 0x03, 0xe2, 0x70, 0x95, 0x6a, 0xeb, 0x52, 0x23, 0xd6,
  0xd7, 0x94, 0xed, 0xf8, 0xca, 0x7c, 0x3e, 0x59, 0x1f, 0x5f, 0xf6, 0x10,
  0x46, 0x7d, 0x63, 0xdb, 0xe9, 0x6c, 0x0f, 0x75, 0xd6, 0x9d, 0x59, 0x5f,
  0xbf, 0x04, 0x8b, 0x91, 0xba, 0x3c, 0xc1, 0x27, 0xf8, 0x6c, 0x52, 0xa5,
  0x2f, 0xa5, 0xb2, 0xc1, 0x81, 0x17, 0x94, 0x41, 0x3e, 0x5d, 0xdf, 0xc3,
  0x56, 0x6a, 0xec, 0x31, 0x6d, 0xa6, 0x9c, 0xe0, 0x06, 0xe5, 0xea, 0x77,
  0x50, 0x4a, 0x0c, 0x81, 0x4d, 0x59, 0xdb, 0x4d, 0x63, 0x3c, 0x29, 0x13,
  0xc3, 0x79, 0x51, 0x8f, 0xdf, 0x68, 0x21, 0x12, 0xad, 0x5a, 0xad, 0x3f,
  0x3d, 0x9e, 0x81, 0xd6, 0x92, 0x3c, 0x65, 0xf9, 0xa6, 0x1f, 0x0f, 0x1b,
  0xb9, 0x52, 0x5e, 0x1b, 0xd3, 0xa4, 0xec, 0x77, 0xd7, 0x44, 0xc1, 0x56,
  0x90, 0x61, 0x3d, 0xb1, 0xe0, 0xfa, 0x85, 0x2e, 0xdb, 0xff, 0xc7, 0x12,
  0xfa, 0xde, 0x7f, 0xcd, 0xaf, 0xea, 0x0b, 0x53, 0x1a, 0xb7, 0xac, 0x19,
  0x8f, 0x11, 0x48, 0xc5, 0x94, 0x3f, 0xde, 0xbe, 0xee, 0x7a, 0xaf, 0x0d,
  0xf5, 0x72, 0xbe, 0x9d, 0xea, 0xe2, 0x98, 0xfa, 0x39, 0x6c, 0xd2, 0xc3,
  0x87, 0xe5, 0x48, 0xe5, 0x78, 0xee, 0xe9, 0x66, 0x7f, 0xd6, 0xa5, 0x9e,
  0xc4, 0xdd, 0xb6, 0x1a, 0x36, 0xd6, 0x5e, 0x9f, 0xdf, 0xab, 0xa5, 0x55,
  0x0c, 0x3e, 0x21, 0x00, 0xe2, 0x05, 0xfd, 0x47, 0xc5, 0xe3, 0x7f, 0xf8,
  0x87, 0x34, 0x95, 0xca, 0x85, 0x7c, 0x24, 0x13, 0xee, 0x60, 0x07, 0x7a,
  0x42, 0x20, 0xdf, 0x72, 0x29, 0x1f, 0x3e, 0xad, 0xbd, 0xd6, 0x85, 0x1e,
  0x01, 0xac, 0x8d, 0xe4, 0xd3, 0x3b, 0xd4, 0x1e, 0xb8, 0x84, 0xc0, 0x1e,
  0x81, 0x64, 0x65, 0x12, 0x5b, 0x5e, 0x7c, 0xa3, 0xb8, 0xed, 0xcf, 0xa9,
  0x54, 0x66, 0xbc, 0x6c, 0xfa, 0x1c, 0x71, 0x81, 0x74, 0x15, 0xf4, 0xbf,
  0x62, 0x07, 0x86, 0x1d, 0xa0, 0x31, 0x90, 0xcf, 0x08, 0x40, 0xe1, 0xee,
  0xbb, 0x57, 0xe5, 0x4e, 0xaa, 0xee, 0x06, 0xba, 0x03, 0x52, 0x0b, 0x77,
  0x98, 0x56, 0x22, 0x39, 0x7b, 0xc1, 0xcb, 0xc6, 0xb6, 0xbb, 0x91, 0x46,
  0xc0, 0x7c, 0x72, 0xc8, 0xc4, 0x06, 0x18, 0xa3, 0xf6, 0x8a, 0x81, 0xf7,
  0x8f, 0x38, 0xef, 0x43, 0x04, 0x59, 0xcd, 0xc1, 0x95, 0xde, 0xc3, 0xb6,
  0x4e, 0xe4, 0xa3, 0x62, 0x2c, 0xaf, 0x26, 0xfb, 0xeb, 0x81, 0xe0, 0xc5,
  0x8c, 0x3c, 0x60, 0x42, 0xca, 0xc6, 0x48, 0x46, 0x08, 0x0c, 0xcb, 0x4e,
  0x96, 0x03, 0x8c, 0x07, 0x3d, 0x33, 0x81, 0x38, 0xa8, 0x3c, 0x26, 0x27,
  0x77, 0xfb, 0x78, 0x1a, 0x54, 0x37, 0x5d, 0x02, 0x09, 0x5a, 0x91, 0xaa,
  0x6b, 0xf8, 0x4a, 0x9a, 0xc7, 0x81, 0x11, 0x2c, 0x44, 0xa0, 0xee, 0xb4,
  0x84, 0x22, 0x40, 0xdc, 0x98, 0xd4, 0x4b, 0x63, 0xf7, 0x35, 0x00, 0x6d,
  0x47, 0x92, 0xbd, 0x21, 0xe8, 0x3b, 0x56, 0x3b, 0x82, 0x9d, 0x95, 0xac,
  0xcd, 0xda, 0x96, 0x92, 0x03, 0x52, 0x23, 0xa5, 0x56, 0xbe, 0x83, 0xce,
  0x92, 0x10, 0x22, 0xce, 0xd6, 0xe5, 0x6c, 0xa3, 0x81, 0xae, 0xc3, 0x34,
  0x1b, 0x4e, 0x89, 0x2c, 0x3d, 0x5b, 0xe7, 0x74, 0x0e, 0xf4, 0x3a, 0xdb,
  0x49, 0x18, 0x8b, 0x7f, 0xf7, 0x9d, 0x04, 0x6d, 0x57, 0xf3, 0xcf, 0x50,
  0x74, 0x6c, 0x5a, 0xc7, 0x0c, 0x38, 0xbe, 0xc0, 0xd9, 0x35, 0x6b, 0x0b,
  0x2c, 0xf7, 0xa8, 0x16, 0x4b, 0xf6, 0xed, 0x16, 0x2c, 0xcc, 0x7f, 0xce,
  0x8f, 0xbb, 0x68, 0x13, 0x20, 0x28, 0x72, 0x62, 0x04, 0x32, 0x2a, 0x95,
  0x65, 0xba, 0xaf, 0x8e, 0xf5, 0xdb, 0xae, 0x2b, 0x31, 0xc3, 0x17, 0x98,
  0x31, 0x60, 0x60, 0x35, 0x0a, 0xd9, 0x90, 0x8b, 0xf8, 0x08, 0x9e, 0x2e,
  0xf5, 0x78, 0xad, 0xf3, 0x40, 0x93, 0xf3, 0x1d, 0x00, 0xeb, 0xdb, 0x62,
  0x74, 0x7f, 0x0e, 0x73, 0x4e, 0xe8, 0x58, 0xc4, 0x77, 0xe0, 0xac, 0x91,
  0x9c, 0x32, 0xe4, 0x6e, 0xe2, 0x7f, 0xdd, 0x7a, 0xb9, 0x3a, 0x8c, 0x29,
  0x1f, 0x9e, 0x0d, 0x9d, 0xf3, 0x2a, 0x88, 0x0c, 0x94, 0x3a, 0x8b, 0x1f,
  0xc9, 0xf1, 0xda, 0x0d, 0x00, 0xf0, 0xbe, 0xdd, 0x50, 0x56, 0x7f, 0x4a,
  0x42, 0xf2, 0x4a, 0xf0, 0xe0, 0xaa, 0xfc, 0xce, 0x77, 0x95, 0x2f, 0xc2,
  0x1c, 0x3e, 0xad, 0x83, 0x7a, 0xa9, 0x41, 0xeb, 0x09, 0x44, 0xc7, 0x72,
  0x43, 0x87, 0x04, 0xe7, 0xb3, 0x09, 0x77, 0x2c, 0x43, 0x7e, 0x8a, 0x23,
  0x4d, 0x1b, 0xba, 0x72, 0x66, 0xda, 0xc6, 0x4c, 0x7f, 0x63, 0xd6, 0x79,
  0x7d, 0x3b, 0xff, 0x26, 0xe8, 0xb3, 0x63, 0x02, 0x2e, 0xff, 0xef, 0x22,
  0x62, 0xa4, 0xc7, 0x2e, 0x79, 0x3b, 0x8b, 0x90, 0xe7, 0x62, 0xaf, 0x8e,
  0x7f, 0xb5, 0x41, 0xa0, 0xa5, 0xc6, 0x43, 0xaa, 0x18, 0xbf, 0xf2, 0xaf,
  0x1f, 0x38, 0x32, 0xed, 0x98, 0x59, 0x14, 0x5f, 0x11, 0xb5, 0x40, 0xaf,
  0xc6, 0xc0, 0xc5, 0xe0, 0x6d, 0xbc, 0x75, 0xab, 0x41, 0xe0, 0xd3, 0x64,
  0xb0, 0xfe, 0x2d, 0x81, 0x6c, 0xe0, 0x21, 0xed, 0x9d, 0x28, 0xd5, 0x57,
  0xb4, 0x8d, 0xee, 0x38, 0x4c, 0x09, 0xce, 0x4a, 0x04, 0x2d, 0xf2, 0x9b,
  0xae, 0x51, 0xc4, 0xdc, 0x14, 0xce, 0x76, 0x9e, 0x0a, 0x36, 0x92, 0xd8,
  0xed, 0xf9, 0xef, 0x81, 0x3a, 0x38, 0x19, 0xfc, 0xe3, 0x65, 0x42, 0xff,
  0xa9, 0xd1, 0xd2, 0x5a, 0x1f, 0x99, 0x3d, 0xff, 0xf0, 0x4b, 0x76, 0xe9,
  0x6c, 0x06, 0x29, 0x55, 0x5b, 0x7e, 0xe7, 0xa4, 0x7f, 0x60, 0xb3, 0x59,
  0x0f, 0xb6, 0xed, 0xb8, 0x86, 0x44, 0xbc, 0x56, 0x66, 0xd0, 0x9b, 0xa4,
  0x36, 0xbc, 0xf4, 0x4d, 0x92, 0xee, 0xa0, 0x76, 0x2c, 0x16, 0xe7, 0xde,
  0x44, 0x7f, 0x06, 0xb7, 0xba, 0xe7, 0xd4, 0x48, 0x3c, 0xee, 0xc6, 0x57,
  0x13, 0x86, 0xa4, 0xd5, 0xf0, 0x8e, 0x95, 0xba, 0xd5, 0x72, 0x51, 0xd7,
  0xb8, 0x91, 0x30, 0xae, 0x92, 0xd1, 0x8b, 0xd0, 0x8c, 0x3b, 0x81, 0xcc,
  0xe9, 0x04, 0x95, 0x09, 0x5a, 0x1d, 0xbd, 0x82, 0x29, 0x58, 0xa0, 0x7d,
  0x16, 0xfb, 0x49, 0x7a, 0x37, 0x56, 0x03, 0x77, 0xce, 0x13, 0x4e, 0x39,
  0x50, 0x96, 0xeb, 0x3e, 0x39, 0x6e, 0x14, 0xd0, 0x7f, 0x24, 0x99, 0xa2,
  0x70, 0xc2, 0x1a, 0x27, 0xc6, 0xea, 0xff, 0xff, 0x04, 0x00, 0x00, 0x00,
  0x00, 0x01, 0x00, 0x00, 0x1e, 0x2b, 0x00, 0x00, 0x37, 0xe7, 0xff, 0xff,
  0x9b, 0x72, 0x00, 0x00, 0xe9, 0xd1, 0xff, 0xff, 0xfd, 0x44, 0x00, 0x00,
  0xcf, 0xcb, 0xff, 0xff, 0x71, 0x50, 0x00, 0x00, 0x7d, 0x9b, 0xff, 0xff,
  0x6e, 0xab, 0xff, 0xff, 0x91, 0xb9, 0xff, 0xff, 0xb2, 0xce, 0xff, 0xff,
  0x01, 0x45, 0x00, 0x00, 0x3c, 0xed, 0xff, 0xff, 0xfe, 0x62, 0x00, 0x00,
  0xf2, 0x03, 0x00, 0x00, 0x28, 0xd2, 0xff, 0xff, 0xaf, 0xc9, 0xff, 0xff,
  0xaa, 0xe6, 0xff, 0xff, 0x9b, 0xdb, 0xff, 0xff, 0x36, 0x58, 0x00, 0x00,
  0x39, 0x3a, 0x00, 0x00, 0xd4, 0xc0, 0xff, 0xff, 0xbf, 0x0f, 0x00, 0x00,
  0xfa, 0xd8, 0xff, 0xff, 0x0c, 0xc7, 0xff, 0xff, 0xc5, 0x25, 0x00, 0x00,
  0x74, 0x9e, 0xff, 0xff, 0xb5, 0xed, 0xff, 0xff, 0x28, 0xe4, 0xff, 0xff,
  0xe3, 0xe2, 0xff, 0xff, 0x3b, 0xfa, 0xff, 0xff, 0x0b, 0x02, 0x00, 0x00,
  0x9e, 0xec, 0xff, 0xff, 0xc5, 0x28, 0x00, 0x00, 0xf7, 0xe4, 0xff, 0xff,
  0xf3, 0x41, 0x00, 0x00, 0x77, 0xf5, 0xff, 0xff, 0x2a, 0x4a, 0x00, 0x00,
  0x8b, 0xf6, 0xff, 0xff, 0x6f, 0xe0, 0xff, 0xff, 0xae, 0xf4, 0xff, 0xff,
  0xfc, 0xe5, 0xff, 0xff, 0x33, 0xef, 0xff, 0xff, 0xe9, 0x27, 0x00, 0x00,
  0x3c, 0xd2, 0xff, 0xff, 0xa5, 0xd0, 0xff, 0xff, 0x4c, 0xe9, 0xff, 0xff,
  0xe9, 0x02, 0x00, 0x00, 0x0c, 0xf7, 0xff, 0xff, 0xc5, 0xdc, 0xff, 0xff,
  0xa7, 0x1d, 0x00, 0x00, 0x66, 0xfc, 0xff, 0xff, 0x4a, 0xb6, 0xff, 0xff,
  0x5c, 0xe2, 0xff, 0xff, 0xef, 0x08, 0x00, 0x00, 0x89, 0x16, 0x00, 0x00,
  0xbc, 0xe8, 0xff, 0xff, 0x22, 0xff, 0xff, 0xff, 0x69, 0x04, 0x00, 0x00,
  0x6e, 0xa8, 0xff, 0xff, 0x8e, 0x07, 0x00, 0x00, 0xb4, 0xe0, 0xff, 0xff,
  0xd1, 0x27, 0x00, 0x00, 0x08, 0x09, 0x00, 0x00, 0xd2, 0xeb, 0xff, 0xff,
  0x04, 0x00, 0x00, 0x00, 0x40, 0x00, 0x00, 0x00, 0x7a, 0x79, 0x7a, 0x7c,
  0x7a, 0x7a, 0x7b, 0x79, 0x7d, 0x7c, 0x7d, 0x7c, 0x7b, 0x79, 0x7b, 0x7a,
  0x7e, 0x7c, 0x7d, 0x7d, 0x7d, 0x7c, 0x7e, 0x79, 0x7b, 0x7d, 0x7c, 0x7a,
  0x7b, 0x7b, 0x79, 0x7b, 0x7c, 0x7e, 0x7b, 0x7c, 0x7d, 0x7b, 0x7d, 0x7a,
  0x79, 0x7b, 0x7b, 0x7d, 0x7c, 0x7c, 0x7b, 0x7e, 0x7d, 0x7f, 0x7d, 0x7b,
  0x7c, 0x7c, 0x7a, 0x7b, 0x7a, 0x7b, 0x7a, 0x79, 0x7b, 0x7b, 0x7c, 0x7a,
  0x1e, 0xec, 0xff, 0xff, 0x04, 0x00, 0x00, 0x00, 0x40, 0x00, 0x00, 0x00,
  0x04, 0x8c, 0xe2, 0x1e, 0x90, 0xb9, 0x95, 0xff, 0xae, 0x0c, 0x58, 0x50,
  0x0d, 0x2e, 0x48, 0xfa, 0x80, 0x92, 0x08, 0x30, 0x02, 0x2d, 0xbd, 0x24,
  0x1f, 0x30, 0xd6, 0x52, 0x35, 0xda, 0xfc, 0x99, 0x68, 0xcf, 0xfa, 0x21,
  0xe0, 0x1a, 0xe2, 0xfb, 0xee, 0xf3, 0xd6, 0x38, 0x47, 0x9b, 0xc6, 0xde,
  0x47, 0x68, 0x2b, 0x7f, 0xb1, 0x05, 0xfb, 0x8e, 0x02, 0xb9, 0x8a, 0xf7,
  0x19, 0x27, 0xca, 0x4b, 0x6a, 0xec, 0xff, 0xff, 0x04, 0x00, 0x00, 0x00,
  0x00, 0x10, 0x00, 0x00, 0xce, 0x63, 0x34, 0x2a, 0xa3, 0x17, 0x1d, 0xcd,
  0x6e, 0xe9, 0x5f, 0x9b, 0xb3, 0x88, 0x63, 0xb1, 0x6b, 0xda, 0x10, 0x71,
  0xa9, 0x60, 0xfe, 0xe4, 0x45, 0xed, 0xb2, 0xad, 0xe8, 0xea, 0xda, 0x2e,
  0x27, 0xba, 0x23, 0x07, 0x21, 0x2e, 0x23, 0xa8, 0xd2, 0xdf, 0x10, 0xe4,
  0xd6, 0xf4, 0x3b, 0x0b, 0x0c, 0xc8, 0x72, 0x5f, 0x18, 0xdc, 0xd9, 0xe9,
  0x8e, 0xba, 0xcf, 0x5f, 0xda, 0xda, 0xc8, 0xcb, 0x8f, 0x18, 0x9e, 0x16,
  0x73, 0x21, 0x54, 0xfd, 0x8b, 0x37, 0xf0, 0xb8, 0x92, 0x2f, 0x55, 0x73,
  0x3e, 0x2c, 0x0a, 0xaf, 0xd1, 0x5a, 0x1b, 0x2e, 0x58, 0x54, 0x5e, 0xb5,
  0xa6, 0xd5, 0x77, 0x15, 0x03, 0x4b, 0x26, 0x6c, 0x17, 0x8b, 0x76, 0x20,
  0xaa, 0x5e, 0x66, 0xea, 0xa3, 0x59, 0x93, 0x65, 0x34, 0x6b, 0xc8, 0xda,
  0x6a, 0x22, 0xb7, 0x22, 0x5f, 0x4b, 0xd6, 0x36, 0x00, 0x49, 0xed, 0x9f,
  0x39, 0x07, 0xc7, 0x22, 0xdb, 0xee, 0x28, 0xe1, 0xeb, 0x37, 0x17, 0x77,
  0x26, 0x8d, 0x3f, 0xad, 0x2e, 0x28, 0x73, 0xcf, 0x8c, 0x4b, 0x17, 0xbd,
  0xa7, 0x0d, 0x32, 0x98, 0xe5, 0x30, 0x34, 0xb7, 0x29, 0x77, 0xc8, 0x15,
  0x25, 0xd8, 0x21, 0xa9, 0xa7, 0x5b, 0x4f, 0xab, 0x4c, 0x2c, 0x01, 0x1a,
  0xe3, 0x33, 0x79, 0x2d, 0x13, 0x21, 0xfe, 0x59, 0xfd, 0x0f, 0x48, 0xba,
  0x45, 0xb1, 0x3f, 0x3f, 0xc0, 0x75, 0x07, 0x19, 0xc0, 0x96, 0xde, 0x8f,
  0x6d, 0xfa, 0x5f, 0x2c, 0x4a, 0xe2, 0x2a, 0xed, 0xa6, 0xba, 0x1f, 0x6d,
  0xb4, 0xa4, 0xab, 0x20, 0x50, 0xa0, 0xb3, 0x33, 0xb3, 0xb3, 0x15, 0x88,
  0x7e, 0x21, 0xdb, 0x55, 0x17, 0x02, 0xb4, 0x65, 0x8d, 0x00, 0x1e, 0xd7,
  0xcf, 0xde, 0xd4, 0xcf, 0x37, 0x13, 0x77, 0x43, 0x0f, 0xdb, 0x5b, 0xa0,
  0xd8, 0xb4, 0xb2, 0x39, 0xfd, 0xc2, 0xfb, 0xd9, 0x17, 0xeb, 0x03, 0x30,
  0xb8, 0x31, 0x70, 0xba, 0x55, 0xcd, 0xaa, 0xe2, 0x28, 0x0e, 0x5d, 0xc2,
  0x07, 0xb7, 0xb8, 0xb7, 0x8d, 0x14, 0x15, 0x8d, 0x6a, 0x9d, 0x33, 0x75,
  0x8a, 0x94, 0x6f, 0xfe, 0xe7, 0x32, 0x51, 0xfd, 0x08, 0xe0, 0x10, 0x4f,
  0xdb, 0x11, 0xc7, 0x64, 0xb6, 0xb0, 0x1d, 0xff, 0xa2, 0x5d, 0xe2, 0x7a,
  0x37, 0xb0, 0x51, 0x40, 0xd4, 0x2f, 0x07, 0x58, 0x06, 0xda, 0xa9, 0x15,
  0xc8, 0x4b, 0x6f, 0xc0, 0x52, 0xb1, 0xe0, 0xbb, 0xef, 0xab, 0x6c, 0xd0,
  0x35, 0x40, 0x24, 0xf7, 0xed, 0x11, 0xd2, 0x94, 0x37, 0xc7, 0x40, 0x5e,
  0x47, 0xc7, 0x2b, 0x1d, 0x32, 0x30, 0x31, 0x31, 0xfc, 0x30, 0xb6, 0xd9,
  0x8a, 0xa6, 0x7b, 0x72, 0xf2, 0x59, 0xa1, 0x25, 0xc2, 0x41, 0x50, 0x6c,
  0x49, 0x55, 0xc6, 0xc2, 0x24, 0xb4, 0xe3, 0x70, 0xc4, 0xdb, 0x17, 0xdc,
  0xf0, 0x64, 0x53, 0x0f, 0x85, 0x9d, 0x50, 0x71, 0x19, 0xab, 0x41, 0xef,
  0x3b, 0xa5, 0xb9, 0xc0, 0xb5, 0xde, 0x43, 0x72, 0x35, 0x2c, 0x97, 0xf3,
  0x0e, 0x41, 0xaa, 0x3e, 0xba, 0x92, 0xb5, 0x48, 0xa3, 0xe0, 0x4b, 0xc5,
  0xb4, 0xb1, 0xc7, 0x15, 0x2a, 0x90, 0x27, 0xd9, 0x5e, 0xf7, 0xda, 0xf1,
  0xde, 0x55, 0x24, 0x99, 0x85, 0xbe, 0xea, 0xf2, 0xa2, 0xa4, 0xfc, 0x61,
  0x30, 0xe5, 0xb9, 0x00, 0x5f, 0x36, 0x11, 0x6e, 0x79, 0xdc, 0xee, 0xc8,
  0x0e, 0x55, 0xf0, 0xee, 0x70, 0xc8, 0xed, 0x8e, 0x79, 0xcf, 0xc3, 0x54,
  0xc4, 0xf7, 0xd8, 0xc8, 0xc9, 0x14, 0x42, 0x50, 0xe4, 0xc7, 0xf7, 0xb7,
  0xa0, 0x60, 0xdf, 0x6b, 0x94, 0x47, 0x87, 0x6e, 0xe9, 0xf3, 0xef, 0x51,
  0x65, 0xab, 0x70, 0x54, 0xe3, 0xff, 0xe0, 0x6f, 0xbd, 0xf8, 0xa9, 0xe7,
  0x6b, 0x07, 0x43, 0xef, 0xc2, 0xf1, 0x99, 0xff, 0xc6, 0x28, 0xd9, 0x48,
  0x0e, 0xd6, 0x62, 0x14, 0x4b, 0x90, 0x71, 0x0a, 0xef, 0x62, 0xfa, 0x55,
  0xee, 0x62, 0x32, 0xb1, 0x74, 0x65, 0xd3, 0x08, 0x4a, 0xb4, 0x22, 0x9c,
  0xe4, 0x8c, 0x64, 0x60, 0x4a, 0x6a, 0x34, 0x3f, 0x1f, 0x71, 0x96, 0x32,
  0x15, 0xc5, 0x8e, 0xb5, 0x86, 0x9a, 0xbc, 0x36, 0x6a, 0x59, 0xe5, 0xbe,
  0x9b, 0x30, 0x07, 0x4f, 0x25, 0x98, 0xbd, 0x0e, 0xa2, 0xd5, 0x58, 0x6d,
  0x9f, 0x6e, 0x5a, 0xb7, 0x6b, 0xf7, 0x8b, 0x89, 0x14, 0xb8, 0x74, 0x39,
  0x9b, 0x01, 0x8c, 0xb1, 0x9a, 0x26, 0x3d, 0x5f, 0x59, 0xfa, 0x13, 0x00,
  0x11, 0xe8, 0x3a, 0x72, 0x13, 0x0e, 0xcd, 0xed, 0x53, 0x01, 0x1f, 0x4e,
  0xb5, 0xab, 0xa2, 0x3b, 0x95, 0x0f, 0xbb, 0x92, 0xb0, 0x51, 0xe9, 0x1c,
  0x6c, 0xd2, 0xa6, 0x01, 0xa6, 0xd9, 0x0e, 0x52, 0x9d, 0xc0, 0x56, 0xf8,
  0x68, 0x61, 0xa5, 0x68, 0x17, 0xe2, 0xbf, 0x51, 0x49, 0xbb, 0xb5, 0xca,
  0x68, 0x35, 0xe6, 0x17, 0x93, 0xc0, 0x45, 0xe7, 0x2a, 0x2f, 0xf5, 0x28,
  0xd1, 0x8a, 0x35, 0xd6, 0x2e, 0x2b, 0xff, 0x43, 0x37, 0x2d, 0x3b, 0x02,
  0xf9, 0x44, 0xf0, 0xf7, 0xb2, 0xa0, 0x0d, 0xfa, 0xb6, 0x28, 0x7a, 0x12,
  0xc7, 0xe0, 0x71, 0x1f, 0x65, 0xfe, 0x4e, 0x9d, 0x5f, 0xe0, 0x9f, 0x17,
  0xb7, 0x37, 0x00, 0xf3, 0xe8, 0xda, 0x15, 0xf4, 0xf7, 0x4f, 0x97, 0xf8,
  0x7a, 0x9d, 0x23, 0x18, 0x13, 0xb4, 0xb1, 0xcb, 0xf9, 0x2a, 0xd6, 0x16,
  0x61, 0xc9, 0x52, 0xb1, 0xe9, 0x77, 0x23, 0xd5, 0xa8, 0x36, 0xb5, 0xec,
  0xec, 0x92, 0xa1, 0x50, 0x28, 0x8d, 0xaa, 0xa4, 0x16, 0xb3, 0x66, 0x5e,
  0xc4, 0xba, 0x42, 0xcc, 0x9b, 0x99, 0xd8, 0x45, 0x5d, 0xca, 0xbb, 0x19,
  0x27, 0x7d, 0x62, 0x46, 0xe7, 0xf5, 0x10, 0x00, 0x51, 0xf7, 0xc1, 0xd0,
  0xaf, 0x92, 0xea, 0xd4, 0xb9, 0xef, 0x34, 0xce, 0x89, 0x3b, 0x24, 0x0a,
  0xc0, 0x06, 0x9c, 0x46, 0x08, 0x41, 0xbc, 0x5d, 0x92, 0xdb, 0xd7, 0x7a,
  0x00, 0xc1, 0x33, 0xc1, 0xc6, 0xe2, 0x31, 0x61, 0x20, 0x02, 0x4a, 0xb0,
  0x72, 0x0d, 0x39, 0x3f, 0x95, 0x27, 0xa4, 0x0b, 0x27, 0x4c, 0x08, 0xf6,
  0x27, 0x01, 0x8c, 0xdb, 0xc8, 0x17, 0x9b, 0xa4, 0xa0, 0xd9, 0xb4, 0x5c,
  0x26, 0xcb, 0x2e, 0x0a, 0x79, 0x4a, 0x21, 0x1c, 0x8f, 0x74, 0x5a, 0xa8,
  0xfc, 0xf2, 0xf6, 0x4e, 0xf8, 0xc0, 0x75, 0xc5, 0x6d, 0xed, 0xd1, 0x0c,
  0x17, 0x59, 0x6f, 0x5b, 0xd4, 0xfe, 0x72, 0xf4, 0x04, 0x8b, 0xdb, 0xcc,
  0xf2, 0x9f, 0xfc, 0xcd, 0x8f, 0x10, 0x6f, 0xa5, 0xaa, 0xf2, 0xf5, 0x04,
  0xd4, 0xab, 0x8d, 0xe1, 0xe6, 0x99, 0x69, 0x88, 0x9d, 0xe3, 0x12, 0x96,
  0x66, 0x70, 0x00, 0x04, 0xed, 0xd8, 0xce, 0x74, 0xa0, 0xd9, 0x16, 0x41,
  0x29, 0x07, 0xc2, 0x3f, 0xe7, 0xf7, 0xec, 0xca, 0x3a, 0xd0, 0xe5, 0x22,
  0x07, 0xd5, 0xae, 0xba, 0xe4, 0x09, 0x41, 0x6f, 0xb4, 0x91, 0x4a, 0xcf,
  0x9a, 0x38, 0xb3, 0x34, 0x86, 0xef, 0x92, 0xe4, 0xef, 0x5f, 0x2b, 0xd4,
  0xe4, 0x38, 0x2a, 0xfa, 0x53, 0x8a, 0xe3, 0xbe, 0xae, 0x43, 0xad, 0x6f,
  0x12, 0xf0, 0xae, 0xc8, 0xf7, 0x8d, 0x1b, 0x43, 0xe3, 0x43, 0xb7, 0x1a,
  0xfc, 0xe8, 0xb2, 0x02, 0x1b, 0xbf, 0xa7, 0x36, 0xa3, 0xb0, 0x60, 0x9e,
  0x46, 0x1c, 0xb7, 0xf5, 0x9a, 0xe3, 0x46, 0xef, 0xdc, 0x14, 0xd7, 0xa6,
  0xe6, 0xea, 0x16, 0xe2, 0x36, 0xff, 0xb5, 0x3b, 0xa9, 0x43, 0xf1, 0x18,
  0xdf, 0x67, 0x1b, 0xfc, 0xbf, 0x55, 0xaf, 0xe0, 0xdb, 0xeb, 0x38, 0x67,
  0x55, 0x35, 0x78, 0x15, 0xb4, 0xa1, 0xe9, 0xf7, 0x36, 0xc8, 0x1c, 0x63,
  0x12, 0xb4, 0xc6, 0xfd, 0x0d, 0xde, 0x68, 0x45, 0xd8, 0x4c, 0xe0, 0xfb,
  0xf4, 0x08, 0x88, 0x3d, 0x93, 0xb7, 0xeb, 0xbf, 0x52, 0x8e, 0xbf, 0xca,
  0x67, 0x23, 0xd6, 0x0b, 0xb0, 0xb1, 0x6c, 0x1f, 0xa6, 0xa1, 0x6c, 0xfd,
  0x38, 0x48, 0x47, 0x5d, 0x03, 0x0b, 0x0e, 0x90, 0x6d, 0x50, 0x5a, 0xf0,
  0x96, 0x3a, 0xcf, 0xf3, 0x2a, 0x62, 0xdd, 0x60, 0xec, 0x17, 0xd1, 0xa2,
  0x6c, 0x0c, 0x6a, 0x64, 0xc5, 0x12, 0x22, 0x26, 0x36, 0x51, 0x2d, 0x2c,
  0x30, 0x76, 0x19, 0xfb, 0xad, 0x93, 0xa3, 0x9f, 0x33, 0xec, 0x42, 0x99,
  0x42, 0x6b, 0x40, 0xe8, 0x45, 0xaf, 0x64, 0x3e, 0xa6, 0xf6, 0x54, 0xa7,
  0x42, 0xdc, 0x85, 0xdc, 0x5a, 0xaf, 0x61, 0xd5, 0xd3, 0x6f, 0xa7, 0x92,
  0xb9, 0xd0, 0x54, 0xcc, 0xfc, 0x3b, 0x0c, 0xc2, 0x03, 0x1c, 0x1e, 0xe6,
  0x2a, 0x15, 0xe6, 0x0b, 0xff, 0x41, 0x27, 0x50, 0x36, 0x26, 0x36, 0xfb,
  0x19, 0xe5, 0x32, 0x6f, 0x4b, 0x0e, 0xe2, 0x58, 0x56, 0xfe, 0xa9, 0x57,
  0xef, 0x20, 0x12, 0x91, 0x42, 0x9e, 0x44, 0x9c, 0xc7, 0x3a, 0x90, 0x9c,
  0xa3, 0x4a, 0x3e, 0x13, 0x00, 0xce, 0x15, 0x72, 0xec, 0xf9, 0xa4, 0x29,
  0x6f, 0x11, 0x3f, 0x03, 0x13, 0xf6, 0x39, 0xe4, 0x4d, 0xd4, 0x8d, 0x2c,
  0x30, 0xa9, 0x78, 0x05, 0xea, 0x26, 0x9a, 0xaa, 0x18, 0xad, 0x29, 0x66,
  0x90, 0x5c, 0xa6, 0x49, 0xba, 0xe4, 0xeb, 0x20, 0xaf, 0x94, 0xb1, 0xd2,
  0x60, 0x93, 0x2f, 0x8d, 0x89, 0x16, 0xec, 0xb7, 0x16, 0x3e, 0xba, 0x6f,
  0x4f, 0x45, 0x59, 0x39, 0xee, 0xa1, 0x0b, 0xe0, 0xbf, 0x34, 0xc4, 0xd1,
  0xa0, 0x49, 0xfe, 0x73, 0x8e, 0xef, 0x33, 0xd6, 0x03, 0x08, 0x94, 0x42,
  0xdc, 0x5d, 0x5e, 0x55, 0x10, 0x9d, 0x99, 0x44, 0x3f, 0x09, 0xd4, 0x99,
  0x94, 0x70, 0x45, 0x6d, 0xef, 0x1e, 0x67, 0x9e, 0x12, 0xf0, 0xe3, 0x35,
  0x14, 0xbc, 0x09, 0x2b, 0x08, 0x4b, 0x56, 0x6c, 0x04, 0x20, 0xfd, 0xe2,
  0x95, 0x9e, 0xd9, 0xbf, 0x35, 0xb5, 0x50, 0x1d, 0xcb, 0xba, 0x43, 0x46,
  0xd8, 0x5c, 0xf5, 0x40, 0xe7, 0x8c, 0xba, 0x51, 0x0a, 0x50, 0x61, 0xb4,
  0xbd, 0xa2, 0x98, 0x57, 0xfe, 0x76, 0x8a, 0x89, 0xc8, 0x00, 0x8a, 0xfc,
  0x1f, 0x1f, 0xe5, 0xaa, 0x45, 0x53, 0xbe, 0x01, 0xa9, 0xde, 0x94, 0x93,
  0x6c, 0xe1, 0xb6, 0x1b, 0xa0, 0x4d, 0xc1, 0xf0, 0x12, 0xc8, 0x8c, 0x10,
  0xa2, 0x32, 0xb0, 0xaf, 0x3e, 0xf1, 0x8f, 0x21, 0x97, 0xb4, 0x62, 0xf0,
  0x09, 0x30, 0x3c, 0x1e, 0xd1, 0x0a, 0x73, 0xe6, 0x30, 0xd4, 0xd9, 0xa4,
  0x2e, 0x12, 0xe9, 0xd0, 0x81, 0x0f, 0x53, 0x3a, 0xee, 0x11, 0xc4, 0xff,
  0xb1, 0xb4, 0x2a, 0x52, 0x18, 0xcf, 0x90, 0x30, 0x9a, 0x44, 0x22, 0x3c,
  0x2c, 0xd1, 0xc2, 0x6f, 0x4a, 0xf9, 0xc0, 0xae, 0xb7, 0xf6, 0x57, 0xdd,
  0x09, 0xcf, 0xdb, 0x06, 0xe4, 0x11, 0xe2, 0x90, 0x92, 0xcc, 0xaa, 0xd5,
  0x4d, 0x9d, 0x38, 0xf6, 0x8b, 0xdd, 0x07, 0x36, 0x0c, 0x1c, 0x40, 0x30,
  0x3b, 0x0e, 0x9d, 0xf8, 0x0a, 0x8e, 0x66, 0xe0, 0x19, 0x84, 0x8c, 0xe0,
  0xc0, 0xa6, 0x4e, 0xfa, 0xe3, 0x9c, 0x83, 0x2c, 0xfe, 0x71, 0x32, 0xbb,
  0xb8, 0x4c, 0x13, 0xcc, 0xbc, 0x11, 0x51, 0x23, 0xe5, 0x54, 0xb3, 0xe8,
  0x53, 0xc8, 0x04, 0x6f, 0x20, 0xd0, 0x8a, 0x44, 0x32, 0x57, 0x77, 0x3d,
  0xdb, 0x3f, 0x69, 0x93, 0xb9, 0xf4, 0x8f, 0x16, 0x92, 0xa2, 0x54, 0xfc,
  0x17, 0x9d, 0x47, 0x5a, 0xa4, 0x6b, 0xdd, 0xb2, 0x61, 0x6a, 0xb6, 0xd8,
  0x8c, 0x88, 0x07, 0x93, 0x1b, 0xc9, 0xcc, 0xdd, 0x05, 0x2b, 0xe6, 0xc4,
  0x3a, 0xf4, 0x9a, 0xe3, 0x9b, 0xac, 0xdd, 0xfe, 0xad, 0x46, 0x50, 0x16,
  0xb4, 0x10, 0x8d, 0x4b, 0xc3, 0xe6, 0x24, 0x5a, 0x3b, 0x47, 0x03, 0x12,
  0xe9, 0x3d, 0xcc, 0xb9, 0xc0, 0x6b, 0x04, 0xd4, 0xcf, 0x46, 0x42, 0xe7,
  0x65, 0xac, 0x29, 0x77, 0x05, 0x95, 0x96, 0x8e, 0xd6, 0x1d, 0xc5, 0x88,
  0x48, 0xfb, 0x42, 0x16, 0x28, 0xd8, 0xd5, 0xfc, 0x31, 0x8d, 0x8a, 0x11,
  0xb5, 0xc5, 0x65, 0xa4, 0x30, 0x24, 0xf3, 0x03, 0xda, 0x8f, 0xad, 0x68,
  0xe8, 0xbb, 0xbe, 0xa6, 0x0f, 0xc1, 0x4b, 0xe9, 0x5d, 0xa2, 0x15, 0x61,
  0x4b, 0x5c, 0x75, 0x95, 0x70, 0x3c, 0x0b, 0x40, 0xad, 0x23, 0xb5, 0xf5,
  0x2c, 0xcc, 0xa0, 0x7b, 0x4b, 0xf6, 0x27, 0x4b, 0xc3, 0xb2, 0xb6, 0x70,
  0x4b, 0x16, 0xf8, 0xc2, 0xe1, 0xf8, 0xa3, 0x33, 0x6d, 0x57, 0xf5, 0x1f,
  0xc2, 0x1a, 0x1d, 0xb2, 0x41, 0x08, 0xd5, 0xf8, 0x28, 0xf9, 0x2f, 0x9c,
  0x64, 0x9b, 0xc3, 0xee, 0xcf, 0x6c, 0x90, 0x6d, 0x1b, 0x91, 0xf0, 0x6c,
  0x92, 0xc0, 0xac, 0x6c, 0x64, 0xd5, 0x63, 0xc9, 0xc7, 0xc9, 0x40, 0x43,
  0x93, 0x4a, 0x5c, 0x47, 0x1c, 0x0a, 0x67, 0x0f, 0xe4, 0x73, 0x03, 0xce,
  0x8a, 0x2d, 0xcb, 0xe1, 0xb1, 0xe4, 0x07, 0xff, 0xc7, 0xde, 0x5d, 0x20,
  0xa8, 0x17, 0x3a, 0x2d, 0x98, 0x6c, 0x99, 0xd8, 0x29, 0x77, 0x57, 0xf2,
  0x97, 0x2c, 0xb9, 0xd1, 0x7f, 0x5e, 0x38, 0xfb, 0x09, 0x4e, 0xac, 0x6f,
  0xcc, 0x33, 0xf9, 0xc4, 0xe2, 0xce, 0x6c, 0xc8, 0x5f, 0xb5, 0xd8, 0x36,
  0x1b, 0xe5, 0xd6, 0xdf, 0x0c, 0x4e, 0x57, 0x4f, 0x1c, 0x03, 0xa3, 0xf9,
  0xa6, 0x04, 0xa7, 0xa4, 0xd1, 0x5b, 0x65, 0xbb, 0xca, 0x21, 0x2b, 0x3a,
  0xf7, 0x94, 0x71, 0x0a, 0xb1, 0xff, 0xdd, 0xc1, 0xe4, 0xe3, 0x6a, 0x29,
  0x1a, 0xd2, 0x43, 0x3a, 0xc1, 0x88, 0x89, 0x59, 0xcc, 0x4c, 0xa0, 0x03,
  0x5a, 0xb8, 0x8f, 0xaf, 0xcd, 0x06, 0xda, 0xd0, 0x69, 0xfc, 0xa5, 0xd8,
  0x6c, 0xcb, 0x9f, 0xfd, 0xab, 0xec, 0x5e, 0xf2, 0xc6, 0x95, 0x91, 0xa6,
  0x18, 0xe5, 0x08, 0xc6, 0xdc, 0x96, 0x8e, 0x63, 0x1d, 0xfc, 0x0e, 0xe6,
  0x6a, 0x64, 0x0c, 0x05, 0x6c, 0x05, 0xed, 0x2e, 0x66, 0xfd, 0xe8, 0xf0,
  0x37, 0xe4, 0x0c, 0xfd, 0x13, 0xc8, 0x24, 0xe5, 0xb2, 0xcc, 0x40, 0x90,
  0xd2, 0xeb, 0x4d, 0x58, 0x93, 0x95, 0x48, 0xbc, 0xe3, 0x78, 0xd4, 0xea,
  0x1c, 0x4a, 0xb9, 0xda, 0xc4, 0x1a, 0x16, 0x57, 0xe4, 0x59, 0x5f, 0xa1,
  0x58, 0x8a, 0x4b, 0x71, 0x64, 0x39, 0x9b, 0xcd, 0x67, 0x93, 0x0e, 0x58,
  0xcf, 0xc8, 0xab, 0xe5, 0x95, 0x56, 0x44, 0xfd, 0xfd, 0xb3, 0xb2, 0x8f,
  0x41, 0x64, 0x09, 0xa3, 0x23, 0x06, 0x0c, 0xd9, 0xf6, 0xe2, 0xa2, 0x6f,
  0x17, 0xd3, 0x48, 0x10, 0xc0, 0xf5, 0x3b, 0x9c, 0xcf, 0xd6, 0x76, 0x51,
  0xb3, 0x75, 0x32, 0x90, 0xb9, 0xb9, 0xbc, 0xc8, 0x06, 0x3d, 0x65, 0x71,
  0xfb, 0x33, 0xb7, 0x9f, 0x6c, 0xe1, 0x3e, 0x4a, 0xcb, 0x0f, 0xe8, 0xb7,
  0x32, 0x42, 0x9e, 0xac, 0x02, 0x52, 0xbe, 0x28, 0x5d, 0xcf, 0xa5, 0x34,
  0x6b, 0xdd, 0x35, 0x5c, 0xa9, 0xc2, 0xdf, 0xd7, 0x08, 0xf6, 0x48, 0x00,
  0x05, 0x3b, 0xed, 0xdf, 0xc9, 0xbe, 0x14, 0xa1, 0xb0, 0x3a, 0xd1, 0xc3,
  0xd0, 0x8f, 0x09, 0xc5, 0xa3, 0x19, 0x72, 0x43, 0xd2, 0xdf, 0x5b, 0xe5,
  0x96, 0xd1, 0xf9, 0xab, 0x25, 0xdf, 0x57, 0x89, 0xc9, 0xb7, 0x1b, 0x8c,
  0xec, 0xde, 0xcb, 0x0b, 0x00, 0x61, 0xbd, 0xf8, 0xd5, 0x13, 0xaa, 0xe9,
  0xff, 0x8a, 0x25, 0xd3, 0x96, 0x38, 0x28, 0xab, 0x47, 0x0d, 0xf9, 0x50,
  0xad, 0x46, 0x68, 0xf4, 0x20, 0x58, 0x1a, 0x13, 0xa5, 0xc4, 0x95, 0x13,
  0xae, 0x9d, 0x6e, 0xa8, 0x23, 0x03, 0x73, 0x9c, 0xb6, 0xb0, 0x65, 0x53,
  0xe4, 0xda, 0x26, 0x97, 0xda, 0x8c, 0xa3, 0xde, 0x21, 0xb0, 0x44, 0x17,
  0xf2, 0x0b, 0xcd, 0x73, 0xd2, 0xb9, 0x4a, 0x39, 0xb8, 0x0e, 0x32, 0xaa,
  0x70, 0x3e, 0xf1, 0xc2, 0xf5, 0x52, 0x13, 0xe3, 0x18, 0x06, 0x13, 0x0b,
  0x33, 0x14, 0x66, 0xae, 0xd6, 0x70, 0xc1, 0x0d, 0xb7, 0xce, 0xca, 0xb6,
  0x46, 0xec, 0xf1, 0x40, 0xd0, 0x20, 0x95, 0xfa, 0x51, 0x6a, 0xe3, 0xcf,
  0xf1, 0xd0, 0x60, 0x53, 0x13, 0x22, 0x4b, 0xd3, 0xa3, 0xab, 0xf1, 0x8d,
  0x1e, 0x39, 0x5d, 0x2c, 0xd8, 0x94, 0x02, 0xe2, 0x8c, 0x1c, 0x0f, 0x1e,
  0xa0, 0x97, 0xa4, 0x25, 0xdb, 0xed, 0xa4, 0x6d, 0xf1, 0xfc, 0x23, 0xf4,
  0x96, 0xe9, 0x0a, 0x71, 0xbc, 0xa8, 0x08, 0x8f, 0x1f, 0x94, 0x08, 0x03,
  0x5c, 0xe1, 0x4d, 0x9d, 0x5d, 0x52, 0x5b, 0xdd, 0x89, 0x6f, 0x2e, 0xe6,
  0x69, 0x00, 0xb8, 0x2d, 0x23, 0x61, 0x9f, 0x6a, 0xe6, 0x74, 0xd9, 0xf1,
  0xe8, 0x45, 0x6c, 0x69, 0xd6, 0xda, 0xba, 0x87, 0x71, 0xe3, 0x68, 0xb0,
  0x6d, 0x70, 0x59, 0xad, 0x88, 0x2a, 0x33, 0x73, 0x31, 0x74, 0x7d, 0x29,
  0xf6, 0x56, 0xbc, 0xd8, 0x37, 0x87, 0x59, 0xf1, 0x69, 0x69, 0xae, 0x57,
  0x3d, 0xb5, 0x89, 0x53, 0x69, 0x4f, 0xc3, 0x25, 0x4c, 0x0e, 0x54, 0xe1,
  0x2a, 0x70, 0xee, 0xa4, 0xc1, 0x12, 0x22, 0x70, 0xe5, 0x17, 0x2b, 0xed,
  0x55, 0x85, 0x8a, 0x8d, 0x12, 0x41, 0x2f, 0xdc, 0x17, 0x8b, 0x10, 0x87,
  0x32, 0x56, 0x95, 0x95, 0xad, 0xcf, 0x88, 0xdb, 0xde, 0x9c, 0xbb, 0x64,
  0x8d, 0xbc, 0xe4, 0x8b, 0xd0, 0xfd, 0x99, 0xfd, 0xcd, 0x99, 0xf0, 0x34,
  0x91, 0x9e, 0xd9, 0xff, 0xd5, 0x92, 0x2c, 0xd6, 0x0b, 0xe3, 0x2e, 0x0e,
  0x55, 0xa8, 0xe8, 0xbe, 0x0f, 0x68, 0x4c, 0xce, 0xdd, 0x9c, 0x76, 0xa7,
  0x2f, 0x3e, 0x71, 0x46, 0x24, 0xc3, 0xe9, 0xc4, 0xe8, 0x1d, 0x55, 0x4d,
  0xbd, 0xf4, 0xf9, 0xb9, 0x10, 0xd0, 0xae, 0xf6, 0xd5, 0xc8, 0x07, 0xbd,
  0xfa, 0x6e, 0xa7, 0xa2, 0x19, 0xf2, 0xcc, 0xd5, 0x2b, 0x0e, 0xff, 0x8a,
  0x99, 0x51, 0x60, 0xf7, 0x91, 0xff, 0xc2, 0xa2, 0x38, 0x47, 0xe0, 0x25,
  0x6e, 0x83, 0x3a, 0x56, 0x0a, 0xcd, 0x98, 0x96, 0xb8, 0x0b, 0xbf, 0x26,
  0x5d, 0xe5, 0x28, 0x20, 0xb2, 0x8f, 0x4d, 0x73, 0x8b, 0x16, 0x09, 0x5f,
  0xe6, 0x98, 0x12, 0xed, 0xa0, 0x95, 0xd6, 0x69, 0xe1, 0x37, 0xd0, 0x95,
  0xc2, 0xc2, 0xe9, 0x58, 0x96, 0x23, 0xf7, 0x17, 0x8c, 0x92, 0x8b, 0x46,
  0xe9, 0x3c, 0x6a, 0xee, 0xe7, 0xd4, 0xe1, 0x0d, 0x1e, 0x07, 0xbd, 0x32,
  0x46, 0xc1, 0xd8, 0xe1, 0x63, 0xdf, 0x77, 0xfc, 0x3e, 0x09, 0x50, 0x60,
  0x8c, 0x23, 0xbe, 0x49, 0xd7, 0x9a, 0xcb, 0xba, 0xdc, 0xe2, 0x6a, 0xfa,
  0xea, 0x9d, 0xc0, 0x6d, 0x62, 0x30, 0x0f, 0x34, 0x2d, 0x62, 0xbe, 0x1a,
  0x56, 0xb7, 0x4f, 0xe7, 0x54, 0x42, 0x09, 0x06, 0x7a, 0x64, 0x5c, 0x34,
  0xf8, 0xfb, 0xdb, 0xf9, 0xe3, 0x08, 0x2c, 0x44, 0x68, 0x92, 0xf4, 0x09,
  0x35, 0x42, 0x99, 0x67, 0xba, 0xe1, 0xf8, 0x63, 0x00, 0x65, 0x06, 0xad,
  0x34, 0xfc, 0x48, 0x9c, 0x2a, 0x94, 0xd8, 0x0a, 0xc9, 0xad, 0x8b, 0x02,
  0x40, 0x24, 0x0b, 0x99, 0x50, 0x0d, 0xf6, 0xe5, 0xe5, 0x98, 0xf6, 0x5a,
  0xe1, 0xc5, 0xcb, 0x35, 0x75, 0x96, 0xc6, 0xab, 0x06, 0xfc, 0xe0, 0xa9,
  0xde, 0xb8, 0xbd, 0x15, 0x94, 0xc5, 0x3c, 0x4d, 0x21, 0x6d, 0xf6, 0x03,
  0xd5, 0x44, 0xdf, 0xf7, 0xdf, 0xcc, 0x65, 0xbc, 0xec, 0x73, 0x24, 0x50,
  0x6e, 0xec, 0xea, 0x63, 0x3f, 0xd1, 0xb1, 0x52, 0x06, 0x63, 0x33, 0x4d,
  0xab, 0x0a, 0xd3, 0x2a, 0xcb, 0xa9, 0x00, 0xa7, 0xb5, 0x4f, 0xc5, 0x5c,
  0x6e, 0xfe, 0x66, 0x44, 0xf4, 0xc2, 0xfa, 0x6e, 0x05, 0x43, 0xdd, 0xdd,
  0xe0, 0xe7, 0x08, 0x00, 0x5e, 0xb5, 0x1d, 0x30, 0x9b, 0xaa, 0xaa, 0x98,
  0x4c, 0x68, 0x52, 0x14, 0x61, 0x3d, 0x72, 0x5f, 0x72, 0x5c, 0xc5, 0x53,
  0x21, 0x0a, 0x63, 0xe8, 0xe4, 0x87, 0xb6, 0x97, 0xba, 0x39, 0x2b, 0x0b,
  0x15, 0xf3, 0x78, 0x8c, 0x6f, 0xf1, 0x43, 0xa5, 0x37, 0xf0, 0x55, 0xb6,
  0x54, 0x74, 0xac, 0x3f, 0x30, 0x4e, 0xc0, 0x1f, 0xca, 0x2e, 0xa7, 0xf8,
  0xfb, 0x5f, 0xef, 0x22, 0x04, 0x6e, 0xfb, 0xfb, 0xb4, 0xb1, 0xb0, 0x47,
  0x0b, 0x70, 0x64, 0x9a, 0xca, 0xe2, 0x9b, 0xe9, 0x3c, 0x98, 0x2f, 0x47,
  0x13, 0x27, 0xee, 0x26, 0x1c, 0xf1, 0x42, 0x39, 0xd5, 0xe7, 0x43, 0x9c,
  0x72, 0x75, 0xab, 0x67, 0xa0, 0x88, 0x24, 0xf2, 0x43, 0xbe, 0x68, 0x72,
  0x55, 0xf7, 0x95, 0x93, 0xbc, 0xc3, 0xe1, 0xb8, 0xbf, 0xf0, 0x60, 0x33,
  0x91, 0xe2, 0x0a, 0xf4, 0x52, 0x18, 0x9f, 0x2b, 0xeb, 0xf5, 0xfd, 0xd6,
  0x25, 0x24, 0x60, 0x3d, 0xfd, 0x93, 0xe5, 0x5f, 0x17, 0xd9, 0x6d, 0x54,
  0xe4, 0x9e, 0xad, 0xe7, 0xd1, 0xa3, 0x12, 0xe7, 0x33, 0xbd, 0x44, 0x34,
  0xd8, 0x59, 0xc6, 0x5c, 0xfa, 0x36, 0x5c, 0xaf, 0x6e, 0xb3, 0xe2, 0x03,
  0xa6, 0x25, 0x24, 0xd7, 0xfe, 0xd9, 0x30, 0x05, 0xa6, 0x11, 0x49, 0x2b,
  0x3f, 0x1f, 0xe2, 0xf1, 0x3f, 0x3d, 0x0d, 0x68, 0x1b, 0xe8, 0x4a, 0x5f,
  0x6b, 0xe1, 0x1f, 0xf6, 0x6f, 0x33, 0x04, 0x0e, 0x70, 0xaf, 0x71, 0x9b,
  0xec, 0xa0, 0x1b, 0xa9, 0x34, 0xb9, 0x1d, 0x08, 0xde, 0xde, 0x46, 0xce,
  0xbe, 0xde, 0xb1, 0x9f, 0x09, 0x19, 0xf8, 0x99, 0xff, 0xcc, 0x94, 0x09,
  0xc2, 0xbd, 0x64, 0xf7, 0xee, 0x92, 0x71, 0x0f, 0x37, 0xce, 0x01, 0x92,
  0x4a, 0xbd, 0x1a, 0x19, 0x87, 0x21, 0xff, 0x10, 0x55, 0xa5, 0xac, 0x68,
  0x08, 0xf5, 0xa6, 0x2e, 0xc0, 0xe5, 0x42, 0x3b, 0xd1, 0xfc, 0xc6, 0xbc,
  0xe8, 0x2c, 0xd1, 0xac, 0x6b, 0x8f, 0xb3, 0xad, 0xaf, 0xd2, 0xf2, 0x6d,
  0x4a, 0x8e, 0x89, 0x65, 0xe6, 0xc3, 0x06, 0xdb, 0xb3, 0xbd, 0x64, 0x9e,
  0xcc, 0x54, 0x09, 0x71, 0x2e, 0x5a, 0xc1, 0x2f, 0x70, 0x1a, 0xb0, 0xb1,
  0xd2, 0xda, 0xe6, 0x8f, 0xc4, 0x18, 0x7d, 0x90, 0xa6, 0xf7, 0x90, 0x5c,
  0xde, 0xc0, 0x3d, 0xed, 0x32, 0x96, 0x04, 0xbe, 0x0f, 0xed, 0xd2, 0xc3,
  0x1e, 0x91, 0x12, 0x42, 0xc8, 0x2b, 0xed, 0xeb, 0xa0, 0x16, 0xd5, 0xf1,
  0x08, 0xab, 0xf9, 0x07, 0x45, 0x1f, 0x0f, 0xc8, 0x89, 0x9f, 0x68, 0x34,
  0x25, 0x69, 0xfc, 0x1e, 0x70, 0xf6, 0x48, 0x0a, 0x9e, 0x67, 0x53, 0x22,
  0x76, 0x40, 0x7a, 0xe1, 0x65, 0xbc, 0xe3, 0x95, 0x3d, 0xf6, 0x06, 0xbb,
  0x5e, 0x3b, 0x29, 0xda, 0x22, 0xa5, 0x14, 0xb8, 0x67, 0x29, 0x18, 0xe5,
  0x59, 0xbf, 0x1f, 0x28, 0xa4, 0x5e, 0xce, 0x6f, 0x9d, 0x8a, 0xa2, 0xad,
  0xec, 0xac, 0xa6, 0x9e, 0x5f, 0xaf, 0xe1, 0xe1, 0x00, 0xf7, 0xe5, 0x01,
  0xf3, 0xbf, 0x0a, 0x4f, 0xe9, 0x58, 0x9b, 0xba, 0xf5, 0xe4, 0xeb, 0x96,
  0x8d, 0x4e, 0x6b, 0x6f, 0xd3, 0x6c, 0xdc, 0x15, 0x8a, 0x11, 0x93, 0x26,
  0xaa, 0x12, 0x10, 0xeb, 0x4b, 0x35, 0x51, 0xb9, 0x22, 0x76, 0xfa, 0x2a,
  0x33, 0x9a, 0xa3, 0x08, 0xf3, 0x2b, 0x63, 0x05, 0xac, 0xe7, 0xed, 0xf4,
  0xb2, 0x8a, 0xce, 0x57, 0x8b, 0x6f, 0x36, 0x53, 0x28, 0xf6, 0x04, 0x04,
  0x88, 0x72, 0xa6, 0x68, 0x8d, 0xdf, 0x9f, 0x35, 0xd8, 0xa4, 0xea, 0xe1,
  0x9a, 0x49, 0x8d, 0x8f, 0x52, 0xfa, 0x98, 0xf4, 0xe2, 0x74, 0x0d, 0x4e,
  0xd4, 0x34, 0x46, 0xb0, 0x73, 0x8b, 0x64, 0x2a, 0x30, 0xd9, 0x2e, 0xef,
  0xad, 0xcb, 0x72, 0x0e, 0x34, 0xf9, 0x48, 0x70, 0x2b, 0x8b, 0xa0, 0x69,
  0x69, 0xf2, 0xf5, 0x18, 0xad, 0xaf, 0xab, 0xfd, 0xa5, 0xe3, 0x6a, 0xab,
  0xc6, 0x4a, 0x74, 0xc3, 0x6e, 0xbe, 0x9e, 0xab, 0xff, 0x0c, 0x5f, 0x54,
  0xa5, 0x07, 0x99, 0xac, 0x3c, 0xfa, 0xa6, 0xa8, 0xfc, 0x64, 0xd3, 0x12,
  0xa5, 0xe8, 0xad, 0xc5, 0x76, 0x2f, 0xee, 0x04, 0x98, 0x42, 0x54, 0x92,
  0x05, 0xf8, 0x57, 0x49, 0x8b, 0xe6, 0x26, 0x20, 0x53, 0x9d, 0x19, 0x98,
  0x57, 0x45, 0x0e, 0x02, 0x5c, 0x6d, 0x5f, 0xe2, 0xc2, 0x40, 0x51, 0x9d,
  0xbf, 0x32, 0x5b, 0xb7, 0xde, 0xe4, 0x40, 0x07, 0x0e, 0x3e, 0x26, 0xd6,
  0x9b, 0x22, 0x75, 0xb6, 0xe1, 0xfa, 0xc3, 0x49, 0x64, 0xde, 0xe2, 0x47,
  0x4b, 0xe5, 0x56, 0x65, 0xfa, 0xae, 0x6e, 0x1f, 0x90, 0x2e, 0x88, 0x74,
  0xaf, 0x4d, 0x16, 0x44, 0x64, 0xf4, 0xf2, 0x85, 0x47, 0xb0, 0xd5, 0x64,
  0x6a, 0x90, 0xe0, 0x6e, 0x0c, 0x63, 0x04, 0xc9, 0xae, 0x0b, 0x27, 0xfd,
  0x15, 0xdf, 0x30, 0x1b, 0x19, 0xbb, 0x03, 0xd3, 0x9d, 0x03, 0x66, 0x9c,
  0x0e, 0x0d, 0xba, 0xa4, 0xc0, 0x1e, 0x0e, 0x3d, 0xa1, 0xf2, 0x6f, 0x59,
  0x2a, 0x8c, 0xe5, 0x6e, 0xba, 0xc4, 0xd3, 0x48, 0x35, 0x88, 0xac, 0x05,
  0x5b, 0x01, 0xf0, 0x37, 0x02, 0xf5, 0x23, 0x67, 0x0b, 0xbe, 0x22, 0x63,
  0xaa, 0x1f, 0x04, 0xb2, 0xaf, 0x74, 0x1b, 0x8a, 0x01, 0x8f, 0xa8, 0xa4,
  0x8e, 0x24, 0x31, 0x46, 0xd3, 0x06, 0xa2, 0x0d, 0xa1, 0x04, 0x23, 0xba,
  0x8b, 0x45, 0x19, 0x8c, 0x35, 0x3b, 0xab, 0xbf, 0xc2, 0x4f, 0x18, 0xa7,
  0x3e, 0xe8, 0xb4, 0x04, 0x95, 0x68, 0xd4, 0x73, 0x1d, 0x67, 0xbe, 0xf3,
  0xa2, 0x1e, 0x0f, 0xd6, 0xb1, 0xc9, 0x6c, 0xdc, 0xaa, 0x6c, 0xec, 0x64,
  0x6d, 0x30, 0xa5, 0x36, 0xb3, 0x34, 0x51, 0x56, 0xc3, 0x5d, 0x6c, 0x46,
  0x95, 0x92, 0x19, 0x34, 0x8f, 0x95, 0x28, 0xa2, 0xd0, 0x73, 0xe6, 0xca,
  0x6b, 0xb5, 0x8d, 0x35, 0xf7, 0xe9, 0xb3, 0x3f, 0x4a, 0xf5, 0x10, 0x89,
  0x30, 0xfd, 0x19, 0xb7, 0xe2, 0xa1, 0x90, 0xb1, 0x99, 0xa9, 0xba, 0xd6,
  0xbe, 0x1a, 0xf5, 0xc2, 0xe0, 0xb3, 0xc4, 0x71, 0xc7, 0x6a, 0x52, 0x52,
  0xd2, 0xc8, 0x3f, 0x24, 0xbe, 0x2b, 0x96, 0xd8, 0x3a, 0x70, 0xd7, 0x31,
  0x4d, 0x02, 0x60, 0x31, 0xfd, 0xf9, 0x18, 0xdf, 0x6d, 0x55, 0x56, 0x4e,
  0x1f, 0x9d, 0x08, 0xa4, 0x9d, 0x70, 0xb5, 0x75, 0x96, 0xae, 0x4f, 0xb0,
  0x0a, 0xd2, 0x53, 0x66, 0x2e, 0xb9, 0x6d, 0xdb, 0x02, 0x73, 0x25, 0xff,
  0x14, 0xaa, 0x98, 0x07, 0x35, 0xa5, 0xbd, 0x9e, 0x9f, 0xad, 0x66, 0xda,
  0xf1, 0x40, 0xee, 0xe4, 0x8e, 0x5e, 0xaf, 0xed, 0x25, 0xb3, 0x8e, 0xa5,
  0xee, 0xa6, 0xa9, 0xb0, 0x90, 0x8d, 0x0e, 0x10, 0x18, 0x40, 0x39, 0x07,
  0xb1, 0xa0, 0x04, 0x1e, 0x1c, 0x45, 0xfa, 0x06, 0x2f, 0xc5, 0x29, 0xc5,
  0x98, 0xb1, 0xc1, 0x32, 0x38, 0xad, 0xa2, 0x9f, 0xd1, 0xfe, 0x37, 0xd4,
  0xee, 0x35, 0xbf, 0xbf, 0xf9, 0x66, 0x2b, 0xa2, 0xb5, 0xc3, 0x02, 0xf9,
  0x2a, 0x07, 0x2e, 0xbd, 0x16, 0xeb, 0x67, 0x0b, 0xda, 0xf9, 0x17, 0x73,
  0xb6, 0xca, 0x9c, 0x78, 0x92, 0x5c, 0x22, 0x03, 0x55, 0xe6, 0xf1, 0x5e,
  0x6d, 0x3c, 0xc9, 0x01, 0x3a, 0x53, 0xe4, 0x3a, 0x8b, 0x02, 0xdb, 0x2a,
  0xc7, 0x02, 0xe7, 0x4c, 0x90, 0x43, 0xcb, 0x53, 0x6d, 0xae, 0x16, 0xd7,
  0x0f, 0x36, 0xe5, 0x5f, 0x57, 0x3c, 0xa7, 0x25, 0xfd, 0xc7, 0xed, 0xaa,
  0xdd, 0x19, 0x5d, 0xc7, 0xaa, 0x32, 0x65, 0xa9, 0x8c, 0xfe, 0x94, 0xa4,
  0x63, 0xf8, 0x33, 0x4d, 0x94, 0xf4, 0x1b, 0x53, 0x78, 0x29, 0x40, 0x45,
  0xaa, 0xcf, 0xc0, 0xa0, 0x64, 0x47, 0xb9, 0xbb, 0xb4, 0x64, 0x79, 0xf2,
  0x71, 0x77, 0x46, 0xd9, 0x0e, 0x77, 0xb5, 0x93, 0xef, 0x30, 0x0e, 0x1f,
  0xd3, 0x39, 0x4b, 0xe5, 0xd4, 0xaa, 0xd8, 0xd5, 0x2a, 0x3b, 0xb3, 0xe3,
  0xbb, 0xa4, 0xbe, 0x1c, 0xcf, 0x02, 0x8a, 0xdd, 0xd8, 0x6e, 0xc6, 0x28,
  0xd2, 0x1d, 0x61, 0x27, 0xf5, 0x48, 0x18, 0x56, 0x1a, 0x20, 0xa5, 0x0a,
  0xf8, 0x8d, 0x10, 0x10, 0x51, 0x3b, 0xae, 0xb1, 0x4c, 0x12, 0x94, 0xf7,
  0xa0, 0xa9, 0xb5, 0x47, 0x8b, 0xca, 0x27, 0x79, 0x29, 0x22, 0x74, 0xe3,
  0xe5, 0x73, 0xe8, 0x97, 0xfc, 0xa9, 0xb4, 0xe1, 0x45, 0xa2, 0xb9, 0xbf,
  0xcf, 0xea, 0x05, 0xa7, 0x42, 0x0f, 0x3e, 0x04, 0x99, 0xa3, 0x38, 0x55,
  0xdb, 0xaa, 0x1e, 0xd0, 0xde, 0xe1, 0x42, 0xbb, 0xbe, 0x0b, 0x24, 0xc0,
  0x0a, 0xd3, 0xc0, 0x9b, 0x0f, 0x08, 0xca, 0x66, 0x37, 0xfa, 0x07, 0x13,
  0x70, 0x3e, 0x38, 0xc1, 0x2d, 0x2a, 0x1a, 0x44, 0xe6, 0x4c, 0xc2, 0x0a,
  0x91, 0x26, 0x3a, 0x68, 0x0a, 0x24, 0x1e, 0x6a, 0x6a, 0xeb, 0x2b, 0x0b,
  0x5f, 0x1b, 0x62, 0xf6, 0xcc, 0x00, 0x62, 0x45, 0xca, 0x99, 0x11, 0x59,
  0x5b, 0x47, 0xea, 0xd5, 0x1f, 0xe4, 0x1e, 0x9a, 0xd0, 0xde, 0x65, 0xb9,
  0x4a, 0xd8, 0x65, 0xbd, 0xff, 0x24, 0x51, 0xc6, 0x05, 0x32, 0xff, 0x19,
  0xc7, 0x66, 0x16, 0x1c, 0xbe, 0x2d, 0x19, 0xdc, 0x63, 0x9b, 0x00, 0xa7,
  0x1d, 0x15, 0xb5, 0x52, 0xc8, 0xde, 0x41, 0x97, 0xe1, 0x30, 0x9b, 0x40,
  0x13, 0xd0, 0x4b, 0x9a, 0x00, 0xcd, 0xc0, 0x71, 0xed, 0xeb, 0xe1, 0xed,
  0x3e, 0xd6, 0x49, 0xfa, 0xe5, 0xc6, 0xd4, 0x52, 0xce, 0x73, 0x1a, 0xe2,
  0x94, 0xfa, 0xc2, 0x94, 0x97, 0x57, 0x31, 0xf5, 0x91, 0xc6, 0x67, 0x48,
  0x1d, 0x25, 0x38, 0xba, 0xd2, 0x52, 0xc9, 0x46, 0x6f, 0x4e, 0x5a, 0xd7,
  0x9a, 0x0d, 0x13, 0x1a, 0x95, 0x97, 0xc6, 0x1a, 0x99, 0xcd, 0x40, 0xd3,
  0xb7, 0xfd, 0x66, 0x40, 0x68, 0x6d, 0x9e, 0x17, 0x5d, 0x32, 0x22, 0xd0,
  0x70, 0x73, 0x1b, 0xd4, 0x0f, 0x8a, 0x34, 0x76, 0xc1, 0x27, 0x5a, 0x9e,
  0xa7, 0x3b, 0x29, 0x47, 0x42, 0xf3, 0x6d, 0x36, 0xcc, 0x3b, 0x55, 0x0d,
  0xd2, 0x23, 0x8b, 0xea, 0xaa, 0xdb, 0xd7, 0x4b, 0xad, 0x9b, 0xd3, 0xec,
  0xa3, 0x48, 0xe8, 0x19, 0xb6, 0xd8, 0xa9, 0x46, 0x45, 0x54, 0xe4, 0x6f,
  0x17, 0x26, 0x66, 0xf3, 0x2e, 0x6d, 0x8a, 0x55, 0x21, 0x76, 0x4f, 0x7b,
  0xb5, 0x95, 0xa1, 0xe0, 0x4d, 0xbd, 0x2e, 0xcd, 0x6a, 0xb8, 0x4f, 0x42,
  0x40, 0xfb, 0x9d, 0xdd, 0xb4, 0xd8, 0xd9, 0xdb, 0xe4, 0x0c, 0x22, 0x9b,
  0x49, 0x76, 0x28, 0xd8, 0x0f, 0x2e, 0xca, 0xa7, 0xc4, 0x23, 0xbc, 0x60,
  0x71, 0x92, 0xa3, 0x4e, 0xf4, 0xb1, 0x9e, 0xac, 0x2c, 0x47, 0xb2, 0x31,
  0xb8, 0xf6, 0xb4, 0x43, 0x99, 0xaf, 0x3f, 0x67, 0x18, 0x90, 0x5d, 0x14,
  0x59, 0x5a, 0x0b, 0xf7, 0x16, 0x65, 0xcd, 0xc5, 0xe3, 0x4c, 0x9c, 0xdc,
  0xf3, 0xe4, 0x6c, 0x06, 0xe3, 0xeb, 0xff, 0x1a, 0x4d, 0x3a, 0x34, 0xa0,
  0x8c, 0xf6, 0xc1, 0x94, 0xff, 0xf3, 0x2d, 0x7c, 0x0a, 0xf3, 0x45, 0xc0,
  0x97, 0xa3, 0x49, 0x4f, 0xce, 0xdd, 0x67, 0x09, 0x98, 0x69, 0xb6, 0xb4,
  0xb5, 0x4a, 0x42, 0xc2, 0xdc, 0xfe, 0x10, 0xa2, 0x5d, 0x2b, 0x08, 0xf1,
  0xa3, 0x1e, 0x41, 0x66, 0x28, 0xcc, 0x55, 0x3a, 0x67, 0x9c, 0x09, 0xc0,
  0x4b, 0xc6, 0x6e, 0xc1, 0x41, 0x8d, 0xc3, 0x0d, 0xdd, 0x34, 0xf0, 0x41,
  0xac, 0x38, 0x77, 0x1f, 0x75, 0xac, 0x02, 0x31, 0x76, 0xfc, 0xff, 0xff,
  0x04, 0x00, 0x00, 0x00, 0x00, 0x01, 0x00, 0x00, 0x01, 0x6b, 0xff, 0xff,
  0x63, 0xb8, 0xff, 0xff, 0x8e, 0xeb, 0xff, 0xff, 0x5a, 0xbc, 0x00, 0x00,
  0x4a, 0xa6, 0xff, 0xff, 0x52, 0x0d, 0x00, 0x00, 0x32, 0x77, 0xff, 0xff,
  0x16, 0x28, 0x00, 0x00, 0x23, 0x0a, 0x00, 0x00, 0x31, 0x54, 0x00, 0x00,
  0xb1, 0x0a, 0x00, 0x00, 0x7d, 0x85, 0x00, 0x00, 0x02, 0xc3, 0xff, 0xff,
  0xd4, 0x45, 0x00, 0x00, 0x64, 0x0e, 0x00, 0x00, 0xcf, 0xba, 0xff, 0xff,
  0x1f, 0xf0, 0xff, 0xff, 0x01, 0x0b, 0x00, 0x00, 0xfa, 0x71, 0xff, 0xff,
  0x69, 0x89, 0xff, 0xff, 0x6c, 0xdc, 0xff, 0xff, 0xe5, 0xcd, 0xff, 0xff,
  0xac, 0xc0, 0x00, 0x00, 0x4a, 0x43, 0x00, 0x00, 0x7a, 0xa8, 0x00, 0x00,
  0xd6, 0xc1, 0xff, 0xff, 0xc9, 0x41, 0x00, 0x00, 0x25, 0x6a, 0x00, 0x00,
  0xc3, 0x2d, 0x00, 0x00, 0x11, 0xd6, 0xff, 0xff, 0xb7, 0x36, 0x00, 0x00,
  0xa4, 0x9d, 0x00, 0x00, 0xf7, 0x39, 0x00, 0x00, 0xf4, 0xc5, 0x00, 0x00,
  0xdf, 0xfe, 0xff, 0xff, 0xf1, 0xce, 0xff, 0xff, 0x2c, 0x18, 0x00, 0x00,
  0xd9, 0x21, 0x00, 0x00, 0x14, 0x00, 0x00, 0x00, 0xf3, 0xf0, 0xff, 0xff,
  0xa1, 0x5b, 0x00, 0x00, 0x7d, 0x30, 0x00, 0x00, 0xc4, 0x1e, 0x00, 0x00,
  0x3c, 0x78, 0xff, 0xff, 0x91, 0x86, 0xff, 0xff, 0x68, 0xd5, 0xff, 0xff,
  0x4a, 0xab, 0xff, 0xff, 0x58, 0xb4, 0xff, 0xff, 0x73, 0x2e, 0x00, 0x00,
  0x77, 0x55, 0x00, 0x00, 0xb9, 0x0a, 0x00, 0x00, 0x7a, 0x19, 0x00, 0x00,
  0xb0, 0x06, 0x00, 0x00, 0x8c, 0x0b, 0x00, 0x00, 0xff, 0xdc, 0xff, 0xff,
  0xed, 0xff, 0xff, 0xff, 0x5e, 0xf8, 0xff, 0xff, 0xc2, 0x1b, 0x00, 0x00,
  0x45, 0xaa, 0xff, 0xff, 0x81, 0x96, 0xff, 0xff, 0x72, 0xc7, 0xff, 0xff,
  0x9a, 0x13, 0x00, 0x00, 0x14, 0x67, 0x00, 0x00, 0x80, 0x5b, 0x00, 0x00,
  0x82, 0xfd, 0xff, 0xff, 0x04, 0x00, 0x00, 0x00, 0x80, 0x01, 0x00, 0x00,
  0x17, 0x61, 0xca, 0x8b, 0x82, 0x54, 0x32, 0xf5, 0x57, 0xe1, 0x4c, 0xa6,
  0x33, 0x09, 0x50, 0x43, 0xd4, 0x96, 0x94, 0xb1, 0xb8, 0x22, 0x11, 0x8d,
  0x93, 0xd7, 0xad, 0x7d, 0xfc, 0x78, 0x66, 0xba, 0xb4, 0x31, 0x62, 0x2f,
  0x1e, 0x70, 0x9b, 0x3a, 0x59, 0xb0, 0x63, 0x61, 0x18, 0x56, 0x4c, 0x2a,
  0x9e, 0x05, 0xe5, 0x2d, 0x9c, 0x3b, 0x33, 0xd1, 0x78, 0x38, 0x53, 0x5a,
  0x66, 0xf0, 0x9f, 0x5e, 0xc2, 0x4c, 0x4e, 0xbe, 0x73, 0xa4, 0x0a, 0xba,
  0x2b, 0xe4, 0xaa, 0xab, 0x5a, 0xfb, 0x56, 0xf8, 0xf9, 0xb5, 0x50, 0x44,
  0x57, 0x6d, 0x63, 0xb2, 0x86, 0xf3, 0xab, 0x4d, 0x59, 0x6d, 0xdc, 0x53,
  0x98, 0x2d, 0x93, 0x63, 0x85, 0xd4, 0xc9, 0x11, 0xac, 0xc8, 0x64, 0xb6,
  0xdb, 0x2c, 0x81, 0xd6, 0x17, 0x57, 0x6e, 0x92, 0x89, 0x4b, 0xe1, 0x2b,
  0xa9, 0xae, 0x93, 0x23, 0x9d, 0xc6, 0x08, 0xbf, 0xb2, 0xaa, 0x0a, 0xd4,
  0x03, 0x9f, 0xd2, 0xd7, 0xcc, 0x7d, 0xa8, 0xa4, 0x4b, 0x55, 0xdd, 0xe8,
  0xbb, 0x13, 0xb2, 0x8b, 0x59, 0xce, 0x4e, 0x3b, 0xd8, 0x42, 0x5e, 0xf7,
  0x14, 0xd6, 0xb6, 0x40, 0x76, 0xbc, 0x06, 0xb0, 0xa8, 0x36, 0x88, 0x3a,
  0xa4, 0x9b, 0x2a, 0xdc, 0xdd, 0x4b, 0x37, 0x6b, 0x6e, 0x13, 0x57, 0xef,
  0xe7, 0x00, 0x51, 0xe3, 0xc6, 0x8a, 0x50, 0x6f, 0xbb, 0x0a, 0x7b, 0xd9,
  0xed, 0x5a, 0xcf, 0xb2, 0x0c, 0xcf, 0x13, 0x36, 0x2e, 0x11, 0x98, 0xe6,
  0x36, 0x0f, 0xf3, 0x1a, 0x08, 0x20, 0x03, 0xe3, 0xbc, 0x92, 0x04, 0xba,
  0xf6, 0x56, 0x5a, 0x8d, 0x3b, 0xb0, 0x9c, 0xc2, 0x5b, 0x0f, 0x77, 0x0d,
  0xb5, 0xfc, 0x30, 0x9e, 0x18, 0x5f, 0xa4, 0xf0, 0xa7, 0x3e, 0x46, 0x06,
  0x93, 0xf1, 0x1d, 0xd5, 0x4c, 0x3a, 0x52, 0x6d, 0x29, 0x73, 0x37, 0x49,
  0x45, 0x0f, 0xcb, 0xfc, 0x99, 0x57, 0x62, 0x5e, 0xa2, 0x26, 0xbe, 0x6a,
  0x20, 0xa2, 0xbc, 0x26, 0xef, 0xf0, 0x38, 0x23, 0x00, 0xf4, 0x89, 0xc2,
  0xa0, 0xea, 0x26, 0x99, 0xde, 0xd2, 0xdc, 0xab, 0xfc, 0x55, 0xfb, 0x62,
  0x2d, 0x5b, 0xcb, 0xa8, 0xba, 0x1a, 0x0e, 0x18, 0x1e, 0x9c, 0x79, 0x3a,
  0xa1, 0xd3, 0xf4, 0x56, 0x28, 0xb3, 0x3d, 0x3e, 0xa8, 0xca, 0x98, 0x20,
  0x15, 0xea, 0x49, 0x0a, 0xb4, 0xff, 0x25, 0xa5, 0xf6, 0x11, 0x57, 0x0e,
  0x29, 0xc7, 0xef, 0xb4, 0xb4, 0x94, 0x3d, 0xf0, 0x23, 0x55, 0x06, 0x29,
  0xdb, 0x6c, 0xd7, 0xe6, 0x4b, 0xb5, 0x9f, 0xdb, 0x12, 0x00, 0xfb, 0xc0,
  0x78, 0xd7, 0xe3, 0xad, 0x57, 0x7f, 0xcd, 0xbd, 0x78, 0x75, 0x05, 0xf6,
  0x4d, 0xf8, 0xb0, 0xd1, 0x64, 0x6b, 0x0f, 0xfa, 0xef, 0xfc, 0xd7, 0xe0,
  0x90, 0x33, 0x5c, 0x28, 0x2f, 0x88, 0x87, 0x6d, 0x30, 0x5d, 0xc8, 0x0d,
  0x0e, 0xff, 0xff, 0xff, 0x04, 0x00, 0x00, 0x00, 0x18, 0x00, 0x00, 0x00,
  0x85, 0xe3, 0xff, 0xff, 0xd4, 0xe6, 0xff, 0xff, 0x5c, 0x13, 0x00, 0x00,
  0x66, 0x08, 0x00, 0x00, 0x8f, 0x29, 0x00, 0x00, 0x0e, 0x05, 0x00, 0x00,
  0x32, 0xff, 0xff, 0xff, 0x04, 0x00, 0x00, 0x00, 0x08, 0x00, 0x00, 0x00,
  0x01, 0x00, 0x00, 0x00, 0x02, 0x00, 0x00, 0x00, 0xe8, 0xd5, 0xff, 0xff,
  0xec, 0xd5, 0xff, 0xff, 0x0f, 0x00, 0x00, 0x00, 0x4d, 0x4c, 0x49, 0x52,
  0x20, 0x43, 0x6f, 0x6e, 0x76, 0x65, 0x72, 0x74, 0x65, 0x64, 0x2e, 0x00,
  0x01, 0x00, 0x00, 0x00, 0x14, 0x00, 0x00, 0x00, 0x00, 0x00, 0x0e, 0x00,
  0x18, 0x00, 0x14, 0x00, 0x10, 0x00, 0x0c, 0x00, 0x08, 0x00, 0x04, 0x00,
  0x0e, 0x00, 0x00, 0x00, 0x14, 0x00, 0x00, 0x00, 0x1c, 0x00, 0x00, 0x00,
  0x7c, 0x04, 0x00, 0x00, 0x80, 0x04, 0x00, 0x00, 0x84, 0x04, 0x00, 0x00,
  0x04, 0x00, 0x00, 0x00, 0x6d, 0x61, 0x69, 0x6e, 0x00, 0x00, 0x00, 0x00,
  0x11, 0x00, 0x00, 0x00, 0x18, 0x04, 0x00, 0x00, 0xd4, 0x03, 0x00, 0x00,
  0x90, 0x03, 0x00, 0x00, 0x3c, 0x03, 0x00, 0x00, 0xdc, 0x02, 0x00, 0x00,
  0x8c, 0x02, 0x00, 0x00, 0x58, 0x02, 0x00, 0x00, 0x24, 0x02, 0x00, 0x00,
  0xe0, 0x01, 0x00, 0x00, 0x9c, 0x01, 0x00, 0x00, 0x58, 0x01, 0x00, 0x00,
  0x24, 0x01, 0x00, 0x00, 0xf0, 0x00, 0x00, 0x00, 0xbc, 0x00, 0x00, 0x00,
  0x78, 0x00, 0x00, 0x00, 0x40, 0x00, 0x00, 0x00, 0x04, 0x00, 0x00, 0x00,
  0x0a, 0xfd, 0xff, 0xff, 0x1c, 0x00, 0x00, 0x00, 0x00, 0x00, 0x00, 0x09,
  0x1c, 0x00, 0x00, 0x00, 0x20, 0x00, 0x00, 0x00, 0x07, 0x00, 0x00, 0x00,
  0x00, 0x00, 0x06, 0x00, 0x08, 0x00, 0x04, 0x00, 0x06, 0x00, 0x00, 0x00,
  0x00, 0x00, 0x80, 0x3f, 0x01, 0x00, 0x00, 0x00, 0x26, 0x00, 0x00, 0x00,
  0x01, 0x00, 0x00, 0x00, 0x25, 0x00, 0x00, 0x00, 0xb2, 0xfc, 0xff, 0xff,
  0x14, 0x00, 0x00, 0x00, 0x00, 0x00, 0x00, 0x08, 0x10, 0x00, 0x00, 0x00,
  0x14, 0x00, 0x00, 0x00, 0x06, 0x00, 0x00, 0x00, 0xd8, 0xd6, 0xff, 0xff,
  0x01, 0x00, 0x00, 0x00, 0x25, 0x00, 0x00, 0x00, 0x03, 0x00, 0x00, 0x00,
  0x24, 0x00, 0x00, 0x00, 0x03, 0x00, 0x00, 0x00, 0x02, 0x00, 0x00, 0x00,
  0x76, 0xfd, 0xff, 0xff, 0x1c, 0x00, 0x00, 0x00, 0x00, 0x00, 0x00, 0x08,
  0x1c, 0x00, 0x00, 0x00, 0x20, 0x00, 0x00, 0x00, 0x06, 0x00, 0x00, 0x00,
  0x00, 0x00, 0x06, 0x00, 0x08, 0x00, 0x07, 0x00, 0x06, 0x00, 0x00, 0x00,
  0x00, 0x00, 0x00, 0x01, 0x01, 0x00, 0x00, 0x00, 0x24, 0x00, 0x00, 0x00,
  0x03, 0x00, 0x00, 0x00, 0x23, 0x00, 0x00, 0x00, 0x05, 0x00, 0x00, 0x00,
  0x04, 0x00, 0x00, 0x00, 0x26, 0xfd, 0xff, 0xff, 0x14, 0x00, 0x00, 0x00,
  0x00, 0x00, 0x00, 0x1b, 0x10, 0x00, 0x00, 0x00, 0x14, 0x00, 0x00, 0x00,
  0x05, 0x00, 0x00, 0x00, 0x4c, 0xd7, 0xff, 0xff, 0x01, 0x00, 0x00, 0x00,
  0x23, 0x00, 0x00, 0x00, 0x02, 0x00, 0x00, 0x00, 0x22, 0x00, 0x00, 0x00,
  0x01, 0x00, 0x00, 0x00, 0x56, 0xfd, 0xff, 0xff, 0x14, 0x00, 0x00, 0x00,
  0x00, 0x00, 0x00, 0x0b, 0x10, 0x00, 0x00, 0x00, 0x14, 0x00, 0x00, 0x00,
  0x02, 0x00, 0x00, 0x00, 0x7c, 0xd7, 0xff, 0xff, 0x01, 0x00, 0x00, 0x00,
  0x22, 0x00, 0x00, 0x00, 0x02, 0x00, 0x00, 0x00, 0x21, 0x00, 0x00, 0x00,
  0x06, 0x00, 0x00, 0x00, 0x86, 0xfd, 0xff, 0xff, 0x14, 0x00, 0x00, 0x00,
  0x00, 0x00, 0x00, 0x15, 0x10, 0x00, 0x00, 0x00, 0x14, 0x00, 0x00, 0x00,
  0x01, 0x00, 0x00, 0x00, 0xac, 0xd7, 0xff, 0xff, 0x01, 0x00, 0x00, 0x00,
  0x21, 0x00, 0x00, 0x00, 0x02, 0x00, 0x00, 0x00, 0x20, 0x00, 0x00, 0x00,
  0x07, 0x00, 0x00, 0x00, 0x76, 0xfd, 0xff, 0xff, 0x10, 0x00, 0x00, 0x00,
  0x00, 0x00, 0x00, 0x01, 0x1c, 0x00, 0x00, 0x00, 0x20, 0x00, 0x00, 0x00,
  0xe0, 0xfe, 0xff, 0xff, 0x00, 0x00, 0x00, 0x01, 0x01, 0x00, 0x00, 0x00,
  0x01, 0x00, 0x00, 0x00, 0x00, 0x00, 0x00, 0x01, 0x01, 0x00, 0x00, 0x00,
  0x20, 0x00, 0x00, 0x00, 0x03, 0x00, 0x00, 0x00, 0x1f, 0x00, 0x00, 0x00,
  0x09, 0x00, 0x00, 0x00, 0x08, 0x00, 0x00, 0x00, 0xf6, 0xfd, 0xff, 0xff,
  0x14, 0x00, 0x00, 0x00, 0x00, 0x00, 0x00, 0x02, 0x1c, 0x00, 0x00, 0x00,
  0x20, 0x00, 0x00, 0x00, 0x04, 0x00, 0x00, 0x00, 0xd4, 0xfe, 0xff, 0xff,
  0x01, 0x00, 0x00, 0x00, 0x01, 0x00, 0x00, 0x00, 0x01, 0x00, 0x00, 0x00,
  0x01, 0x00, 0x00, 0x00, 0x1f, 0x00, 0x00, 0x00, 0x03, 0x00, 0x00, 0x00,
  0x1e, 0x00, 0x00, 0x00, 0x0b, 0x00, 0x00, 0x00, 0x0a, 0x00, 0x00, 0x00,
  0x36, 0xfe, 0xff, 0xff, 0x14, 0x00, 0x00, 0x00, 0x00, 0x00, 0x00, 0x05,
  0x24, 0x00, 0x00, 0x00, 0x28, 0x00, 0x00, 0x00, 0x03, 0x00, 0x00, 0x00,
  0xb6, 0xfe, 0xff, 0xff, 0x02, 0x00, 0x00, 0x00, 0x02, 0x00, 0x00, 0x00,
  0x02, 0x00, 0x00, 0x00, 0x02, 0x00, 0x00, 0x00, 0x00, 0x00, 0x00, 0x01,
  0x01, 0x00, 0x00, 0x00, 0x1e, 0x00, 0x00, 0x00, 0x01, 0x00, 0x00, 0x00,
  0x1d, 0x00, 0x00, 0x00, 0x76, 0xfe, 0xff, 0xff, 0x14, 0x00, 0x00, 0x00,
  0x00, 0x00, 0x00, 0x0b, 0x10, 0x00, 0x00, 0x00, 0x14, 0x00, 0x00, 0x00,
  0x02, 0x00, 0x00, 0x00, 0x9c, 0xd8, 0xff, 0xff, 0x01, 0x00, 0x00, 0x00,
  0x1d, 0x00, 0x00, 0x00, 0x02, 0x00, 0x00, 0x00, 0x1c, 0x00, 0x00, 0x00,
  0x0c, 0x00, 0x00, 0x00, 0xa6, 0xfe, 0xff, 0xff, 0x14, 0x00, 0x00, 0x00,
  0x00, 0x00, 0x00, 0x15, 0x10, 0x00, 0x00, 0x00, 0x14, 0x00, 0x00, 0x00,
  0x01, 0x00, 0x00, 0x00, 0xcc, 0xd8, 0xff, 0xff, 0x01, 0x00, 0x00, 0x00,
  0x1c, 0x00, 0x00, 0x00, 0x02, 0x00, 0x00, 0x00, 0x1b, 0x00, 0x00, 0x00,
  0x0d, 0x00, 0x00, 0x00, 0x96, 0xfe, 0xff, 0xff, 0x1c, 0x00, 0x00, 0x00,
  0x00, 0x00, 0x00, 0x01, 0x28, 0x00, 0x00, 0x00, 0x2c, 0x00, 0x00, 0x00,
  0x0c, 0x00, 0x14, 0x00, 0x13, 0x00, 0x0c, 0x00, 0x08, 0x00, 0x07, 0x00,
  0x0c, 0x00, 0x00, 0x00, 0x00, 0x00, 0x00, 0x01, 0x01, 0x00, 0x00, 0x00,
  0x01, 0x00, 0x00, 0x00, 0x00, 0x00, 0x00, 0x01, 0x01, 0x00, 0x00, 0x00,
  0x1b, 0x00, 0x00, 0x00, 0x03, 0x00, 0x00, 0x00, 0x1a, 0x00, 0x00, 0x00,
  0x0f, 0x00, 0x00, 0x00, 0x0e, 0x00, 0x00, 0x00, 0x22, 0xff, 0xff, 0xff,
  0x20, 0x00, 0x00, 0x00, 0x00, 0x00, 0x00, 0x02, 0x28, 0x00, 0x00, 0x00,
  0x2c, 0x00, 0x00, 0x00, 0x04, 0x00, 0x00, 0x00, 0x0c, 0x00, 0x10, 0x00,
  0x00, 0x00, 0x0c, 0x00, 0x08, 0x00, 0x04, 0x00, 0x0c, 0x00, 0x00, 0x00,
  0x01, 0x00, 0x00, 0x00, 0x01, 0x00, 0x00, 0x00, 0x01, 0x00, 0x00, 0x00,
  0x01, 0x00, 0x00, 0x00, 0x1a, 0x00, 0x00, 0x00, 0x03, 0x00, 0x00, 0x00,
  0x19, 0x00, 0x00, 0x00, 0x11, 0x00, 0x00, 0x00, 0x10, 0x00, 0x00, 0x00,
  0x00, 0x00, 0x0e, 0x00, 0x1a, 0x00, 0x14, 0x00, 0x10, 0x00, 0x0c, 0x00,
  0x0b, 0x00, 0x04, 0x00, 0x0e, 0x00, 0x00, 0x00, 0x24, 0x00, 0x00, 0x00,
  0x00, 0x00, 0x00, 0x05, 0x34, 0x00, 0x00, 0x00, 0x38, 0x00, 0x00, 0x00,
  0x03, 0x00, 0x00, 0x00, 0x00, 0x00, 0x0e, 0x00, 0x18, 0x00, 0x17, 0x00,
  0x10, 0x00, 0x0c, 0x00, 0x08, 0x00, 0x04, 0x00, 0x0e, 0x00, 0x00, 0x00,
  0x02, 0x00, 0x00, 0x00, 0x02, 0x00, 0x00, 0x00, 0x02, 0x00, 0x00, 0x00,
  0x02, 0x00, 0x00, 0x00, 0x00, 0x00, 0x00, 0x01, 0x01, 0x00, 0x00, 0x00,
  0x19, 0x00, 0x00, 0x00, 0x01, 0x00, 0x00, 0x00, 0x18, 0x00, 0x00, 0x00,
  0xce, 0xff, 0xff, 0xff, 0x14, 0x00, 0x00, 0x00, 0x00, 0x00, 0x00, 0x0b,
  0x10, 0x00, 0x00, 0x00, 0x14, 0x00, 0x00, 0x00, 0x02, 0x00, 0x00, 0x00,
  0xf4, 0xd9, 0xff, 0xff, 0x01, 0x00, 0x00, 0x00, 0x18, 0x00, 0x00, 0x00,
  0x02, 0x00, 0x00, 0x00, 0x17, 0x00, 0x00, 0x00, 0x12, 0x00, 0x00, 0x00,
  0x00, 0x00, 0x0e, 0x00, 0x18, 0x00, 0x14, 0x00, 0x10, 0x00, 0x0c, 0x00,
  0x0b, 0x00, 0x04, 0x00, 0x0e, 0x00, 0x00, 0x00, 0x14, 0x00, 0x00, 0x00,
  0x00, 0x00, 0x00, 0x15, 0x10, 0x00, 0x00, 0x00, 0x14, 0x00, 0x00, 0x00,
  0x01, 0x00, 0x00, 0x00, 0x34, 0xda, 0xff, 0xff, 0x01, 0x00, 0x00, 0x00,
  0x17, 0x00, 0x00, 0x00, 0x02, 0x00, 0x00, 0x00, 0x16, 0x00, 0x00, 0x00,
  0x13, 0x00, 0x00, 0x00, 0x00, 0x00, 0x0e, 0x00, 0x14, 0x00, 0x00, 0x00,
  0x10, 0x00, 0x0c, 0x00, 0x0b, 0x00, 0x04, 0x00, 0x0e, 0x00, 0x00, 0x00,
  0x1c, 0x00, 0x00, 0x00, 0x00, 0x00, 0x00, 0x01, 0x24, 0x00, 0x00, 0x00,
  0x28, 0x00, 0x00, 0x00, 0x0c, 0x00, 0x10, 0x00, 0x00, 0x00, 0x0c, 0x00,
  0x08, 0x00, 0x07, 0x00, 0x0c, 0x00, 0x00, 0x00, 0x00, 0x00, 0x00, 0x01,
  0x01, 0x00, 0x00, 0x00, 0x01, 0x00, 0x00, 0x00, 0x01, 0x00, 0x00, 0x00,
  0x16, 0x00, 0x00, 0x00, 0x03, 0x00, 0x00, 0x00, 0x00, 0x00, 0x00, 0x00,
  0x15, 0x00, 0x00, 0x00, 0x14, 0x00, 0x00, 0x00, 0x01, 0x00, 0x00, 0x00,
  0x26, 0x00, 0x00, 0x00, 0x01, 0x00, 0x00, 0x00, 0x00, 0x00, 0x00, 0x00,
  0x27, 0x00, 0x00, 0x00, 0xb0, 0x25, 0x00, 0x00, 0x28, 0x25, 0x00, 0x00,
  0x94, 0x24, 0x00, 0x00, 0x28, 0x24, 0x00, 0x00, 0xb4, 0x23, 0x00, 0x00,
  0x48, 0x23, 0x00, 0x00, 0xc4, 0x22, 0x00, 0x00, 0x40, 0x22, 0x00, 0x00,
  0xc4, 0x1e, 0x00, 0x00, 0x48, 0x1b, 0x00, 0x00, 0x4c, 0x19, 0x00, 0x00,
  0x28, 0x17, 0x00, 0x00, 0x8c, 0x16, 0x00, 0x00, 0x08, 0x16, 0x00, 0x00,
  0x14, 0x14, 0x00, 0x00, 0x18, 0x12, 0x00, 0x00, 0xdc, 0x10, 0x00, 0x00,
  0x94, 0x0f, 0x00, 0x00, 0x14, 0x0f, 0x00, 0x00, 0x98, 0x0e, 0x00, 0x00,
  0x6c, 0x0d, 0x00, 0x00, 0x40, 0x0c, 0x00, 0x00, 0x24, 0x0b, 0x00, 0x00,
  0x80, 0x0a, 0x00, 0x00, 0xdc, 0x09, 0x00, 0x00, 0x48, 0x09, 0x00, 0x00,
  0x9c, 0x08, 0x00, 0x00, 0x48, 0x07, 0x00, 0x00, 0xa4, 0x06, 0x00, 0x00,
  0x00, 0x06, 0x00, 0x00, 0x6c, 0x05, 0x00, 0x00, 0xc0, 0x04, 0x00, 0x00,
  0x9c, 0x03, 0x00, 0x00, 0xf8, 0x02, 0x00, 0x00, 0x54, 0x02, 0x00, 0x00,
  0xc8, 0x01, 0x00, 0x00, 0x1c, 0x01, 0x00, 0x00, 0x80, 0x00, 0x00, 0x00,
  0x04, 0x00, 0x00, 0x00, 0x02, 0xdb, 0xff, 0xff, 0x00, 0x00, 0x00, 0x01,
  0x18, 0x00, 0x00, 0x00, 0x20, 0x00, 0x00, 0x00, 0x3c, 0x00, 0x00, 0x00,
  0x27, 0x00, 0x00, 0x00, 0x00, 0x00, 0x00, 0x09, 0x50, 0x00, 0x00, 0x00,
  0x02, 0x00, 0x00, 0x00, 0xff, 0xff, 0xff, 0xff, 0x06, 0x00, 0x00, 0x00,
  0xe4, 0xda, 0xff, 0xff, 0x08, 0x00, 0x00, 0x00, 0x10, 0x00, 0x00, 0x00,
  0x01, 0x00, 0x00, 0x00, 0x80, 0xff, 0xff, 0xff, 0xff, 0xff, 0xff, 0xff,
  0x01, 0x00, 0x00, 0x00, 0x00, 0x00, 0x80, 0x3b, 0x19, 0x00, 0x00, 0x00,
  0x53, 0x74, 0x61, 0x74, 0x65, 0x66, 0x75, 0x6c, 0x50, 0x61, 0x72, 0x74,
  0x69, 0x74, 0x69, 0x6f, 0x6e, 0x65, 0x64, 0x43, 0x61, 0x6c, 0x6c, 0x3a,
  0x30, 0x00, 0x00, 0x00, 0x02, 0x00, 0x00, 0x00, 0x01, 0x00, 0x00, 0x00,
  0x06, 0x00, 0x00, 0x00, 0x7a, 0xdb, 0xff, 0xff, 0x00, 0x00, 0x00, 0x01,
  0x18, 0x00, 0x00, 0x00, 0x20, 0x00, 0x00, 0x00, 0x40, 0x00, 0x00, 0x00,
  0x26, 0x00, 0x00, 0x00, 0x00, 0x00, 0x00, 0x09, 0x70, 0x00, 0x00, 0x00,
  0x02, 0x00, 0x00, 0x00, 0xff, 0xff, 0xff, 0xff, 0x06, 0x00, 0x00, 0x00,
  0x5c, 0xdb, 0xff, 0xff, 0x08, 0x00, 0x00, 0x00, 0x14, 0x00, 0x00, 0x00,
  0x01, 0x00, 0x00, 0x00, 0x45, 0x00, 0x00, 0x00, 0x00, 0x00, 0x00, 0x00,
  0x00, 0x00, 0x00, 0x00, 0x01, 0x00, 0x00, 0x00, 0x7f, 0x4b, 0x2a, 0x39,
  0x34, 0x00, 0x00, 0x00, 0x73, 0x65, 0x71, 0x75, 0x65, 0x6e, 0x74, 0x69,
  0x61, 0x6c, 0x2f, 0x64, 0x65, 0x6e, 0x73, 0x65, 0x5f, 0x31, 0x2f, 0x4d,
  0x61, 0x74, 0x4d, 0x75, 0x6c, 0x3b, 0x73, 0x65, 0x71, 0x75, 0x65, 0x6e,
  0x74, 0x69, 0x61, 0x6c, 0x2f, 0x64, 0x65, 0x6e, 0x73, 0x65, 0x5f, 0x31,
  0x2f, 0x42, 0x69, 0x61, 0x73, 0x41, 0x64, 0x64, 0x00, 0x00, 0x00, 0x00,
  0x02, 0x00, 0x00, 0x00, 0x01, 0x00, 0x00, 0x00, 0x06, 0x00, 0x00, 0x00,
  0x12, 0xdc, 0xff, 0xff, 0x00, 0x00, 0x00, 0x01, 0x18, 0x00, 0x00, 0x00,
  0x20, 0x00, 0x00, 0x00, 0x40, 0x00, 0x00, 0x00, 0x25, 0x00, 0x00, 0x00,
  0x00, 0x00, 0x00, 0x09, 0x80, 0x00, 0x00, 0x00, 0x02, 0x00, 0x00, 0x00,
  0xff, 0xff, 0xff, 0xff, 0x40, 0x00, 0x00, 0x00, 0xf4, 0xdb, 0xff, 0xff,
  0x08, 0x00, 0x00, 0x00, 0x14, 0x00, 0x00, 0x00, 0x01, 0x00, 0x00, 0x00,
  0x80, 0xff, 0xff, 0xff, 0xff, 0xff, 0xff, 0xff, 0x00, 0x00, 0x00, 0x00,
  0x01, 0x00, 0x00, 0x00, 0xb1, 0xe6, 0x45, 0x39, 0x46, 0x00, 0x00, 0x00,
  0x73, 0x65, 0x71, 0x75, 0x65, 0x6e, 0x74, 0x69, 0x61, 0x6c, 0x2f, 0x64,
  0x65, 0x6e, 0x73, 0x65, 0x2f, 0x4d, 0x61, 0x74, 0x4d, 0x75, 0x6c, 0x3b,
  0x73, 0x65, 0x71, 0x75, 0x65, 0x6e, 0x74, 0x69, 0x61, 0x6c, 0x2f, 0x64,
  0x65, 0x6e, 0x73, 0x65, 0x2f, 0x52, 0x65, 0x6c, 0x75, 0x3b, 0x73, 0x65,
  0x71, 0x75, 0x65, 0x6e, 0x74, 0x69, 0x61, 0x6c, 0x2f, 0x64, 0x65, 0x6e,
  0x73, 0x65, 0x2f, 0x42, 0x69, 0x61, 0x73, 0x41, 0x64, 0x64, 0x00, 0x00,
  0x02, 0x00, 0x00, 0x00, 0x01, 0x00, 0x00, 0x00, 0x40, 0x00, 0x00, 0x00,
  0xba, 0xdc, 0xff, 0xff, 0x00, 0x00, 0x00, 0x01, 0x18, 0x00, 0x00, 0x00,
  0x20, 0x00, 0x00, 0x00, 0x3c, 0x00, 0x00, 0x00, 0x24, 0x00, 0x00, 0x00,
  0x00, 0x00, 0x00, 0x09, 0x60, 0x00, 0x00, 0x00, 0x02, 0x00, 0x00, 0x00,
  0xff, 0xff, 0xff, 0xff, 0x40, 0x00, 0x00, 0x00, 0x9c, 0xdc, 0xff, 0xff,
  0x08, 0x00, 0x00, 0x00, 0x10, 0x00, 0x00, 0x00, 0x01, 0x00, 0x00, 0x00,
  0x56, 0x00, 0x00, 0x00, 0x00, 0x00, 0x00, 0x00, 0x01, 0x00, 0x00, 0x00,
  0x9e, 0x26, 0x0d, 0x39, 0x28, 0x00, 0x00, 0x00, 0x73, 0x65, 0x71, 0x75,
  0x65, 0x6e, 0x74, 0x69, 0x61, 0x6c, 0x2f, 0x67, 0x6c, 0x6f, 0x62, 0x61,
  0x6c, 0x5f, 0x61, 0x76, 0x65, 0x72, 0x61, 0x67, 0x65, 0x5f, 0x70, 0x6f,
  0x6f, 0x6c, 0x69, 0x6e, 0x67, 0x32, 0x64, 0x2f, 0x4d, 0x65, 0x61, 0x6e,
  0x00, 0x00, 0x00, 0x00, 0x02, 0x00, 0x00, 0x00, 0x01, 0x00, 0x00, 0x00,
  0x40, 0x00, 0x00, 0x00, 0x42, 0xdd, 0xff, 0xff, 0x00, 0x00, 0x00, 0x01,
  0x18, 0x00, 0x00, 0x00, 0x28, 0x00, 0x00, 0x00, 0x44, 0x00, 0x00, 0x00,
  0x23, 0x00, 0x00, 0x00, 0x00, 0x00, 0x00, 0x09, 0x70, 0x00, 0x00, 0x00,
  0x04, 0x00, 0x00, 0x00, 0xff, 0xff, 0xff, 0xff, 0x0c, 0x00, 0x00, 0x00,
  0x03, 0x00, 0x00, 0x00, 0x40, 0x00, 0x00, 0x00, 0x2c, 0xdd, 0xff, 0xff,
  0x08, 0x00, 0x00, 0x00, 0x10, 0x00, 0x00, 0x00, 0x01, 0x00, 0x00, 0x00,
  0x2d, 0x00, 0x00, 0x00, 0x00, 0x00, 0x00, 0x00, 0x01, 0x00, 0x00, 0x00,
  0xe4, 0x0f, 0x33, 0x39, 0x32, 0x00, 0x00, 0x00, 0x73, 0x65, 0x71, 0x75,
  0x65, 0x6e, 0x74, 0x69, 0x61, 0x6c, 0x2f, 0x62, 0x61, 0x74, 0x63, 0x68,
  0x5f, 0x6e, 0x6f, 0x72, 0x6d, 0x61, 0x6c, 0x69, 0x7a, 0x61, 0x74, 0x69,
  0x6f, 0x6e, 0x5f, 0x32, 0x2f, 0x46, 0x75, 0x73, 0x65, 0x64, 0x42, 0x61,
  0x74, 0x63, 0x68, 0x4e, 0x6f, 0x72, 0x6d, 0x56, 0x33, 0x33, 0x00, 0x00,
  0x04, 0x00, 0x00, 0x00, 0x01, 0x00, 0x00, 0x00, 0x0c, 0x00, 0x00, 0x00,
  0x03, 0x00, 0x00, 0x00, 0x40, 0x00, 0x00, 0x00, 0xe2, 0xdd, 0xff, 0xff,
  0x00, 0x00, 0x00, 0x01, 0x18, 0x00, 0x00, 0x00, 0x28, 0x00, 0x00, 0x00,
  0x44, 0x00, 0x00, 0x00, 0x22, 0x00, 0x00, 0x00, 0x00, 0x00, 0x00, 0x09,
  0x70, 0x00, 0x00, 0x00, 0x04, 0x00, 0x00, 0x00, 0xff, 0xff, 0xff, 0xff,
  0x0c, 0x00, 0x00, 0x00, 0x03, 0x00, 0x00, 0x00, 0x40, 0x00, 0x00, 0x00,
  0xcc, 0xdd, 0xff, 0xff, 0x08, 0x00, 0x00, 0x00, 0x10, 0x00, 0x00, 0x00,
  0x01, 0x00, 0x00, 0x00, 0xfe, 0xff, 0xff, 0xff, 0xff, 0xff, 0xff, 0xff,
  0x01, 0x00, 0x00, 0x00, 0xe2, 0x1f, 0x75, 0x39, 0x32, 0x00, 0x00, 0x00,
  0x73, 0x65, 0x71, 0x75, 0x65, 0x6e, 0x74, 0x69, 0x61, 0x6c, 0x2f, 0x62,
  0x61, 0x74, 0x63, 0x68, 0x5f, 0x6e, 0x6f, 0x72, 0x6d, 0x61, 0x6c, 0x69,
  0x7a, 0x61, 0x74, 0x69, 0x6f, 0x6e, 0x5f, 0x32, 0x2f, 0x46, 0x75, 0x73,
  0x65, 0x64, 0x42, 0x61, 0x74, 0x63, 0x68, 0x4e, 0x6f, 0x72, 0x6d, 0x56,
  0x33, 0x32, 0x00, 0x00, 0x04, 0x00, 0x00, 0x00, 0x01, 0x00, 0x00, 0x00,
  0x0c, 0x00, 0x00, 0x00, 0x03, 0x00, 0x00, 0x00, 0x40, 0x00, 0x00, 0x00,
  0x82, 0xde, 0xff, 0xff, 0x00, 0x00, 0x00, 0x01, 0x18, 0x00, 0x00, 0x00,
  0x28, 0x00, 0x00, 0x00, 0x48, 0x00, 0x00, 0x00, 0x21, 0x00, 0x00, 0x00,
  0x00, 0x00, 0x00, 0x09, 0xf0, 0x00, 0x00, 0x00, 0x04, 0x00, 0x00, 0x00,
  0xff, 0xff, 0xff, 0xff, 0x0c, 0x00, 0x00, 0x00, 0x03, 0x00, 0x00, 0x00,
  0x40, 0x00, 0x00, 0x00, 0x6c, 0xde, 0xff, 0xff, 0x08, 0x00, 0x00, 0x00,
  0x14, 0x00, 0x00, 0x00, 0x01, 0x00, 0x00, 0x00, 0x80, 0xff, 0xff, 0xff,
  0xff, 0xff, 0xff, 0xff, 0x00, 0x00, 0x00, 0x00, 0x01, 0x00, 0x00, 0x00,
  0xe2, 0x99, 0xf7, 0x38, 0xac, 0x00, 0x00, 0x00, 0x73, 0x65, 0x71, 0x75,
  0x65, 0x6e, 0x74, 0x69, 0x61, 0x6c, 0x2f, 0x73, 0x65, 0x70, 0x61, 0x72,
  0x61, 0x62, 0x6c, 0x65, 0x5f, 0x63, 0x6f, 0x6e, 0x76, 0x32, 0x64, 0x5f,
  0x31, 0x2f, 0x52, 0x65, 0x6c, 0x75, 0x3b, 0x73, 0x65, 0x71, 0x75, 0x65,
  0x6e, 0x74, 0x69, 0x61, 0x6c, 0x2f, 0x73, 0x65, 0x70, 0x61, 0x72, 0x61,
  0x62, 0x6c, 0x65, 0x5f, 0x63, 0x6f, 0x6e, 0x76, 0x32, 0x64, 0x5f, 0x31,
  0x2f, 0x42, 0x69, 0x61, 0x73, 0x41, 0x64, 0x64, 0x3b, 0x73, 0x65, 0x71,
  0x75, 0x65, 0x6e, 0x74, 0x69, 0x61, 0x6c, 0x2f, 0x73, 0x65, 0x70, 0x61,
  0x72, 0x61, 0x62, 0x6c, 0x65, 0x5f, 0x63, 0x6f, 0x6e, 0x76, 0x32, 0x64,
  0x5f, 0x31, 0x2f, 0x73, 0x65, 0x70, 0x61, 0x72, 0x61, 0x62, 0x6c, 0x65,
  0x5f, 0x63, 0x6f, 0x6e, 0x76, 0x32, 0x64, 0x3b, 0x73, 0x65, 0x71, 0x75,
  0x65, 0x6e, 0x74, 0x69, 0x61, 0x6c, 0x2f, 0x73, 0x65, 0x70, 0x61, 0x72,
  0x61, 0x62, 0x6c, 0x65, 0x5f, 0x63, 0x6f, 0x6e, 0x76, 0x32, 0x64, 0x5f,
  0x31, 0x2f, 0x42, 0x69, 0x61, 0x73, 0x41, 0x64, 0x64, 0x2f, 0x52, 0x65,
  0x61, 0x64, 0x56, 0x61, 0x72, 0x69, 0x61, 0x62, 0x6c, 0x65, 0x4f, 0x70,
  0x00, 0x00, 0x00, 0x00, 0x04, 0x00, 0x00, 0x00, 0x01, 0x00, 0x00, 0x00,
  0x0c, 0x00, 0x00, 0x00, 0x03, 0x00, 0x00, 0x00, 0x40, 0x00, 0x00, 0x00,
  0xa2, 0xdf, 0xff, 0xff, 0x00, 0x00, 0x00, 0x01, 0x18, 0x00, 0x00, 0x00,
  0x28, 0x00, 0x00, 0x00, 0x44, 0x00, 0x00, 0x00, 0x20, 0x00, 0x00, 0x00,
  0x00, 0x00, 0x00, 0x09, 0x78, 0x00, 0x00, 0x00, 0x04, 0x00, 0x00, 0x00,
  0xff, 0xff, 0xff, 0xff, 0x0c, 0x00, 0x00, 0x00, 0x03, 0x00, 0x00, 0x00,
  0x20, 0x00, 0x00, 0x00, 0x8c, 0xdf, 0xff, 0xff, 0x08, 0x00, 0x00, 0x00,
  0x10, 0x00, 0x00, 0x00, 0x01, 0x00, 0x00, 0x00, 0x06, 0x00, 0x00, 0x00,
  0x00, 0x00, 0x00, 0x00, 0x01, 0x00, 0x00, 0x00, 0xb5, 0x0a, 0x63, 0x39,
  0x39, 0x00, 0x00, 0x00, 0x73, 0x65, 0x71, 0x75, 0x65, 0x6e, 0x74, 0x69,
  0x61, 0x6c, 0x2f, 0x73, 0x65, 0x70, 0x61, 0x72, 0x61, 0x62, 0x6c, 0x65,
  0x5f, 0x63, 0x6f, 0x6e, 0x76, 0x32, 0x64, 0x5f, 0x31, 0x2f, 0x73, 0x65,
  0x70, 0x61, 0x72, 0x61, 0x62, 0x6c, 0x65, 0x5f, 0x63, 0x6f, 0x6e, 0x76,
  0x32, 0x64, 0x2f, 0x64, 0x65, 0x70, 0x74, 0x68, 0x77, 0x69, 0x73, 0x65,
  0x32, 0x00, 0x00, 0x00, 0x04, 0x00, 0x00, 0x00, 0x01, 0x00, 0x00, 0x00,
  0x0c, 0x00, 0x00, 0x00, 0x03, 0x00, 0x00, 0x00, 0x20, 0x00, 0x00, 0x00,
  0x4a, 0xe0, 0xff, 0xff, 0x00, 0x00, 0x00, 0x01, 0x18, 0x00, 0x00, 0x00,
  0x28, 0x00, 0x00, 0x00, 0x44, 0x00, 0x00, 0x00, 0x1f, 0x00, 0x00, 0x00,
  0x00, 0x00, 0x00, 0x09, 0x60, 0x00, 0x00, 0x00, 0x04, 0x00, 0x00, 0x00,
  0xff, 0xff, 0xff, 0xff, 0x0c, 0x00, 0x00, 0x00, 0x03, 0x00, 0x00, 0x00,
  0x20, 0x00, 0x00, 0x00, 0x34, 0xe0, 0xff, 0xff, 0x08, 0x00, 0x00, 0x00,
  0x10, 0x00, 0x00, 0x00, 0x01, 0x00, 0x00, 0x00, 0xb8, 0xff, 0xff, 0xff,
  0xff, 0xff, 0xff, 0xff, 0x01, 0x00, 0x00, 0x00, 0xdc, 0x1f, 0x79, 0x3a,
  0x22, 0x00, 0x00, 0x00, 0x73, 0x65, 0x71, 0x75, 0x65, 0x6e, 0x74, 0x69,
  0x61, 0x6c, 0x2f, 0x6d, 0x61, 0x78, 0x5f, 0x70, 0x6f, 0x6f, 0x6c, 0x69,
  0x6e, 0x67, 0x32, 0x64, 0x5f, 0x31, 0x2f, 0x4d, 0x61, 0x78, 0x50, 0x6f,
  0x6f, 0x6c, 0x00, 0x00, 0x04, 0x00, 0x00, 0x00, 0x01, 0x00, 0x00, 0x00,
  0x0c, 0x00, 0x00, 0x00, 0x03, 0x00, 0x00, 0x00, 0x20, 0x00, 0x00, 0x00,
  0xda, 0xe0, 0xff, 0xff, 0x00, 0x00, 0x00, 0x01, 0x18, 0x00, 0x00, 0x00,
  0x28, 0x00, 0x00, 0x00, 0x44, 0x00, 0x00, 0x00, 0x1e, 0x00, 0x00, 0x00,
  0x00, 0x00, 0x00, 0x09, 0x70, 0x00, 0x00, 0x00, 0x04, 0x00, 0x00, 0x00,
  0xff, 0xff, 0xff, 0xff, 0x18, 0x00, 0x00, 0x00, 0x06, 0x00, 0x00, 0x00,
  0x20, 0x00, 0x00, 0x00, 0xc4, 0xe0, 0xff, 0xff, 0x08, 0x00, 0x00, 0x00,
  0x10, 0x00, 0x00, 0x00, 0x01, 0x00, 0x00, 0x00, 0xb8, 0xff, 0xff, 0xff,
  0xff, 0xff, 0xff, 0xff, 0x01, 0x00, 0x00, 0x00, 0xdc, 0x1f, 0x79, 0x3a,
  0x32, 0x00, 0x00, 0x00, 0x73, 0x65, 0x71, 0x75, 0x65, 0x6e, 0x74, 0x69,
  0x61, 0x6c, 0x2f, 0x62, 0x61, 0x74, 0x63, 0x68, 0x5f, 0x6e, 0x6f, 0x72,
  0x6d, 0x61, 0x6c, 0x69, 0x7a, 0x61, 0x74, 0x69, 0x6f, 0x6e, 0x5f, 0x31,
  0x2f, 0x46, 0x75, 0x73, 0x65, 0x64, 0x42, 0x61, 0x74, 0x63, 0x68, 0x4e,
  0x6f, 0x72, 0x6d, 0x56, 0x33, 0x33, 0x00, 0x00, 0x04, 0x00, 0x00, 0x00,
  0x01, 0x00, 0x00, 0x00, 0x18, 0x00, 0x00, 0x00, 0x06, 0x00, 0x00, 0x00,
  0x20, 0x00, 0x00, 0x00, 0x7a, 0xe1, 0xff, 0xff, 0x00, 0x00, 0x00, 0x01,
  0x18, 0x00, 0x00, 0x00, 0x28, 0x00, 0x00, 0x00, 0x44, 0x00, 0x00, 0x00,
  0x1d, 0x00, 0x00, 0x00, 0x00, 0x00, 0x00, 0x09, 0x70, 0x00, 0x00, 0x00,
  0x04, 0x00, 0x00, 0x00, 0xff, 0xff, 0xff, 0xff, 0x18, 0x00, 0x00, 0x00,
  0x06, 0x00, 0x00, 0x00, 0x20, 0x00, 0x00, 0x00, 0x64, 0xe1, 0xff, 0xff,
  0x08, 0x00, 0x00, 0x00, 0x10, 0x00, 0x00, 0x00, 0x01, 0x00, 0x00, 0x00,
  0xb2, 0xff, 0xff, 0xff, 0xff, 0xff, 0xff, 0xff, 0x01, 0x00, 0x00, 0x00,
  0x02, 0x8b, 0x8c, 0x3a, 0x32, 0x00, 0x00, 0x00, 0x73, 0x65, 0x71, 0x75,
  0x65, 0x6e, 0x74, 0x69, 0x61, 0x6c, 0x2f, 0x62, 0x61, 0x74, 0x63, 0x68,
  0x5f, 0x6e, 0x6f, 0x72, 0x6d, 0x61, 0x6c, 0x69, 0x7a, 0x61, 0x74, 0x69,
  0x6f, 0x6e, 0x5f, 0x31, 0x2f, 0x46, 0x75, 0x73, 0x65, 0x64, 0x42, 0x61,
  0x74, 0x63, 0x68, 0x4e, 0x6f, 0x72, 0x6d, 0x56, 0x33, 0x32, 0x00, 0x00,
  0x04, 0x00, 0x00, 0x00, 0x01, 0x00, 0x00, 0x00, 0x18, 0x00, 0x00, 0x00,
  0x06, 0x00, 0x00, 0x00, 0x20, 0x00, 0x00, 0x00, 0x1a, 0xe2, 0xff, 0xff,
  0x00, 0x00, 0x00, 0x01, 0x18, 0x00, 0x00, 0x00, 0x28, 0x00, 0x00, 0x00,
  0x48, 0x00, 0x00, 0x00, 0x1c, 0x00, 0x00, 0x00, 0x00, 0x00, 0x00, 0x09,
  0x20, 0x01, 0x00, 0x00, 0x04, 0x00, 0x00, 0x00, 0xff, 0xff, 0xff, 0xff,
  0x18, 0x00, 0x00, 0x00, 0x06, 0x00, 0x00, 0x00, 0x20, 0x00, 0x00, 0x00,
  0x04, 0xe2, 0xff, 0xff, 0x08, 0x00, 0x00, 0x00, 0x14, 0x00, 0x00, 0x00,
  0x01, 0x00, 0x00, 0x00, 0x80, 0xff, 0xff, 0xff, 0xff, 0xff, 0xff, 0xff,
  0x00, 0x00, 0x00, 0x00, 0x01, 0x00, 0x00, 0x00, 0x6e, 0x0e, 0x62, 0x3a,
  0xdd, 0x00, 0x00, 0x00, 0x73, 0x65, 0x71, 0x75, 0x65, 0x6e, 0x74, 0x69,
  0x61, 0x6c, 0x2f, 0x73, 0x65, 0x70, 0x61, 0x72, 0x61, 0x62, 0x6c, 0x65,
  0x5f, 0x63, 0x6f, 0x6e, 0x76, 0x32, 0x64, 0x2f, 0x52, 0x65, 0x6c, 0x75,
  0x3b, 0x73, 0x65, 0x71, 0x75, 0x65, 0x6e, 0x74, 0x69, 0x61, 0x6c, 0x2f,
  0x73, 0x65, 0x70, 0x61, 0x72, 0x61, 0x62, 0x6c, 0x65, 0x5f, 0x63, 0x6f,
  0x6e, 0x76, 0x32, 0x64, 0x2f, 0x42, 0x69, 0x61, 0x73, 0x41, 0x64, 0x64,
  0x3b, 0x73, 0x65, 0x71, 0x75, 0x65, 0x6e, 0x74, 0x69, 0x61, 0x6c, 0x2f,
  0x73, 0x65, 0x70, 0x61, 0x72, 0x61, 0x62, 0x6c, 0x65, 0x5f, 0x63, 0x6f,
  0x6e, 0x76, 0x32, 0x64, 0x5f, 0x31, 0x2f, 0x73, 0x65, 0x70, 0x61, 0x72,
  0x61, 0x62, 0x6c, 0x65, 0x5f, 0x63, 0x6f, 0x6e, 0x76, 0x32, 0x64, 0x2f,
  0x64, 0x65, 0x70, 0x74, 0x68, 0x77, 0x69, 0x73, 0x65, 0x3b, 0x73, 0x65,
  0x71, 0x75, 0x65, 0x6e, 0x74, 0x69, 0x61, 0x6c, 0x2f, 0x73, 0x65, 0x70,
  0x61, 0x72, 0x61, 0x62, 0x6c, 0x65, 0x5f, 0x63, 0x6f, 0x6e, 0x76, 0x32,
  0x64, 0x2f, 0x73, 0x65, 0x70, 0x61, 0x72, 0x61, 0x62, 0x6c, 0x65, 0x5f,
  0x63, 0x6f, 0x6e, 0x76, 0x32, 0x64, 0x3b, 0x73, 0x65, 0x71, 0x75, 0x65,
  0x6e, 0x74, 0x69, 0x61, 0x6c, 0x2f, 0x73, 0x65, 0x70, 0x61, 0x72, 0x61,
  0x62, 0x6c, 0x65, 0x5f, 0x63, 0x6f, 0x6e, 0x76, 0x32, 0x64, 0x2f, 0x42,
  0x69, 0x61, 0x73, 0x41, 0x64, 0x64, 0x2f, 0x52, 0x65, 0x61, 0x64, 0x56,
  0x61, 0x72, 0x69, 0x61, 0x62, 0x6c, 0x65, 0x4f, 0x70, 0x00, 0x00, 0x00,
  0x04, 0x00, 0x00, 0x00, 0x01, 0x00, 0x00, 0x00, 0x18, 0x00, 0x00, 0x00,
  0x06, 0x00, 0x00, 0x00, 0x20, 0x00, 0x00, 0x00, 0x6a, 0xe3, 0xff, 0xff,
  0x00, 0x00, 0x00, 0x01, 0x18, 0x00, 0x00, 0x00, 0x28, 0x00, 0x00, 0x00,
  0x48, 0x00, 0x00, 0x00, 0x1b, 0x00, 0x00, 0x00, 0x00, 0x00, 0x00, 0x09,
  0x78, 0x00, 0x00, 0x00, 0x04, 0x00, 0x00, 0x00, 0xff, 0xff, 0xff, 0xff,
  0x18, 0x00, 0x00, 0x00, 0x06, 0x00, 0x00, 0x00, 0x10, 0x00, 0x00, 0x00,
  0x54, 0xe3, 0xff, 0xff, 0x08, 0x00, 0x00, 0x00, 0x14, 0x00, 0x00, 0x00,
  0x01, 0x00, 0x00, 0x00, 0xe4, 0xff, 0xff, 0xff, 0xff, 0xff, 0xff, 0xff,
  0x00, 0x00, 0x00, 0x00, 0x01, 0x00, 0x00, 0x00, 0x6c, 0x68, 0x2e, 0x3b,
  0x37, 0x00, 0x00, 0x00, 0x73, 0x65, 0x71, 0x75, 0x65, 0x6e, 0x74, 0x69,
  0x61, 0x6c, 0x2f, 0x73, 0x65, 0x70, 0x61, 0x72, 0x61, 0x62, 0x6c, 0x65,
  0x5f, 0x63, 0x6f, 0x6e, 0x76, 0x32, 0x64, 0x2f, 0x73, 0x65, 0x70, 0x61,
  0x72, 0x61, 0x62, 0x6c, 0x65, 0x5f, 0x63, 0x6f, 0x6e, 0x76, 0x32, 0x64,
  0x2f, 0x64, 0x65, 0x70, 0x74, 0x68, 0x77, 0x69, 0x73, 0x65, 0x32, 0x00,
  0x04, 0x00, 0x00, 0x00, 0x01, 0x00, 0x00, 0x00, 0x18, 0x00, 0x00, 0x00,
  0x06, 0x00, 0x00, 0x00, 0x10, 0x00, 0x00, 0x00, 0x12, 0xe4, 0xff, 0xff,
  0x00, 0x00, 0x00, 0x01, 0x18, 0x00, 0x00, 0x00, 0x28, 0x00, 0x00, 0x00,
  0x44, 0x00, 0x00, 0x00, 0x1a, 0x00, 0x00, 0x00, 0x00, 0x00, 0x00, 0x09,
  0x60, 0x00, 0x00, 0x00, 0x04, 0x00, 0x00, 0x00, 0xff, 0xff, 0xff, 0xff,
  0x18, 0x00, 0x00, 0x00, 0x06, 0x00, 0x00, 0x00, 0x10, 0x00, 0x00, 0x00,
  0xfc, 0xe3, 0xff, 0xff, 0x08, 0x00, 0x00, 0x00, 0x10, 0x00, 0x00, 0x00,
  0x01, 0x00, 0x00, 0x00, 0x85, 0xff, 0xff, 0xff, 0xff, 0xff, 0xff, 0xff,
  0x01, 0x00, 0x00, 0x00, 0x39, 0xb6, 0x60, 0x3b, 0x20, 0x00, 0x00, 0x00,
  0x73, 0x65, 0x71, 0x75, 0x65, 0x6e, 0x74, 0x69, 0x61, 0x6c, 0x2f, 0x6d,
  0x61, 0x78, 0x5f, 0x70, 0x6f, 0x6f, 0x6c, 0x69, 0x6e, 0x67, 0x32, 0x64,
  0x2f, 0x4d, 0x61, 0x78, 0x50, 0x6f, 0x6f, 0x6c, 0x00, 0x00, 0x00, 0x00,
  0x04, 0x00, 0x00, 0x00, 0x01, 0x00, 0x00, 0x00, 0x18, 0x00, 0x00, 0x00,
  0x06, 0x00, 0x00, 0x00, 0x10, 0x00, 0x00, 0x00, 0xa2, 0xe4, 0xff, 0xff,
  0x00, 0x00, 0x00, 0x01, 0x18, 0x00, 0x00, 0x00, 0x28, 0x00, 0x00, 0x00,
  0x44, 0x00, 0x00, 0x00, 0x19, 0x00, 0x00, 0x00, 0x00, 0x00, 0x00, 0x09,
  0x70, 0x00, 0x00, 0x00, 0x04, 0x00, 0x00, 0x00, 0xff, 0xff, 0xff, 0xff,
  0x31, 0x00, 0x00, 0x00, 0x0d, 0x00, 0x00, 0x00, 0x10, 0x00, 0x00, 0x00,
  0x8c, 0xe4, 0xff, 0xff, 0x08, 0x00, 0x00, 0x00, 0x10, 0x00, 0x00, 0x00,
  0x01, 0x00, 0x00, 0x00, 0x85, 0xff, 0xff, 0xff, 0xff, 0xff, 0xff, 0xff,
  0x01, 0x00, 0x00, 0x00, 0x39, 0xb6, 0x60, 0x3b, 0x30, 0x00, 0x00, 0x00,
  0x73, 0x65, 0x71, 0x75, 0x65, 0x6e, 0x74, 0x69, 0x61, 0x6c, 0x2f, 0x62,
  0x61, 0x74, 0x63, 0x68, 0x5f, 0x6e, 0x6f, 0x72, 0x6d, 0x61, 0x6c, 0x69,
  0x7a, 0x61, 0x74, 0x69, 0x6f, 0x6e, 0x2f, 0x46, 0x75, 0x73, 0x65, 0x64,
  0x42, 0x61, 0x74, 0x63, 0x68, 0x4e, 0x6f, 0x72, 0x6d, 0x56, 0x33, 0x33,
  0x00, 0x00, 0x00, 0x00, 0x04, 0x00, 0x00, 0x00, 0x01, 0x00, 0x00, 0x00,
  0x31, 0x00, 0x00, 0x00, 0x0d, 0x00, 0x00, 0x00, 0x10, 0x00, 0x00, 0x00,
  0x42, 0xe5, 0xff, 0xff, 0x00, 0x00, 0x00, 0x01, 0x18, 0x00, 0x00, 0x00,
  0x28, 0x00, 0x00, 0x00, 0x44, 0x00, 0x00, 0x00, 0x18, 0x00, 0x00, 0x00,
  0x00, 0x00, 0x00, 0x09, 0x70, 0x00, 0x00, 0x00, 0x04, 0x00, 0x00, 0x00,
  0xff, 0xff, 0xff, 0xff, 0x31, 0x00, 0x00, 0x00, 0x0d, 0x00, 0x00, 0x00,
  0x10, 0x00, 0x00, 0x00, 0x2c, 0xe5, 0xff, 0xff, 0x08, 0x00, 0x00, 0x00,
  0x10, 0x00, 0x00, 0x00, 0x01, 0x00, 0x00, 0x00, 0x85, 0xff, 0xff, 0xff,
  0xff, 0xff, 0xff, 0xff, 0x01, 0x00, 0x00, 0x00, 0xac, 0xd4, 0x63, 0x3b,
  0x30, 0x00, 0x00, 0x00, 0x73, 0x65, 0x71, 0x75, 0x65, 0x6e, 0x74, 0x69,
  0x61, 0x6c, 0x2f, 0x62, 0x61, 0x74, 0x63, 0x68, 0x5f, 0x6e, 0x6f, 0x72,
  0x6d, 0x61, 0x6c, 0x69, 0x7a, 0x61, 0x74, 0x69, 0x6f, 0x6e, 0x2f, 0x46,
  0x75, 0x73, 0x65, 0x64, 0x42, 0x61, 0x74, 0x63, 0x68, 0x4e, 0x6f, 0x72,
  0x6d, 0x56, 0x33, 0x32, 0x00, 0x00, 0x00, 0x00, 0x04, 0x00, 0x00, 0x00,
  0x01, 0x00, 0x00, 0x00, 0x31, 0x00, 0x00, 0x00, 0x0d, 0x00, 0x00, 0x00,
  0x10, 0x00, 0x00, 0x00, 0xe2, 0xe5, 0xff, 0xff, 0x00, 0x00, 0x00, 0x01,
  0x18, 0x00, 0x00, 0x00, 0x28, 0x00, 0x00, 0x00, 0x44, 0x00, 0x00, 0x00,
  0x17, 0x00, 0x00, 0x00, 0x00, 0x00, 0x00, 0x09, 0xe8, 0x00, 0x00, 0x00,
  0x04, 0x00, 0x00, 0x00, 0xff, 0xff, 0xff, 0xff, 0x31, 0x00, 0x00, 0x00,
  0x0d, 0x00, 0x00, 0x00, 0x10, 0x00, 0x00, 0x00, 0xcc, 0xe5, 0xff, 0xff,
  0x08, 0x00, 0x00, 0x00, 0x10, 0x00, 0x00, 0x00, 0x01, 0x00, 0x00, 0x00,
  0x80, 0xff, 0xff, 0xff, 0xff, 0xff, 0xff, 0xff, 0x01, 0x00, 0x00, 0x00,
  0x88, 0x62, 0x5f, 0x3b, 0xa9, 0x00, 0x00, 0x00, 0x73, 0x65, 0x71, 0x75,
  0x65, 0x6e, 0x74, 0x69, 0x61, 0x6c, 0x2f, 0x63, 0x6f, 0x6e, 0x76, 0x32,
  0x64, 0x2f, 0x52, 0x65, 0x6c, 0x75, 0x3b, 0x73, 0x65, 0x71, 0x75, 0x65,
  0x6e, 0x74, 0x69, 0x61, 0x6c, 0x2f, 0x63, 0x6f, 0x6e, 0x76, 0x32, 0x64,
  0x2f, 0x42, 0x69, 0x61, 0x73, 0x41, 0x64, 0x64, 0x3b, 0x73, 0x65, 0x71,
  0x75, 0x65, 0x6e, 0x74, 0x69, 0x61, 0x6c, 0x2f, 0x73, 0x65, 0x70, 0x61,
  0x72, 0x61, 0x62, 0x6c, 0x65, 0x5f, 0x63, 0x6f, 0x6e, 0x76, 0x32, 0x64,
  0x2f, 0x73, 0x65, 0x70, 0x61, 0x72, 0x61, 0x62, 0x6c, 0x65, 0x5f, 0x63,
  0x6f, 0x6e, 0x76, 0x32, 0x64, 0x2f, 0x64, 0x65, 0x70, 0x74, 0x68, 0x77,
  0x69, 0x73, 0x65, 0x3b, 0x73, 0x65, 0x71, 0x75, 0x65, 0x6e, 0x74, 0x69,
  0x61, 0x6c, 0x2f, 0x63, 0x6f, 0x6e, 0x76, 0x32, 0x64, 0x2f, 0x43, 0x6f,
  0x6e, 0x76, 0x32, 0x44, 0x3b, 0x73, 0x65, 0x71, 0x75, 0x65, 0x6e, 0x74,
  0x69, 0x61, 0x6c, 0x2f, 0x63, 0x6f, 0x6e, 0x76, 0x32, 0x64, 0x2f, 0x42,
  0x69, 0x61, 0x73, 0x41, 0x64, 0x64, 0x2f, 0x52, 0x65, 0x61, 0x64, 0x56,
  0x61, 0x72, 0x69, 0x61, 0x62, 0x6c, 0x65, 0x4f, 0x70, 0x00, 0x00, 0x00,
  0x04, 0x00, 0x00, 0x00, 0x01, 0x00, 0x00, 0x00, 0x31, 0x00, 0x00, 0x00,
  0x0d, 0x00, 0x00, 0x00, 0x10, 0x00, 0x00, 0x00, 0x7e, 0xe7, 0xff, 0xff,
  0x00, 0x00, 0x00, 0x01, 0x14, 0x00, 0x00, 0x00, 0xe8, 0x00, 0x00, 0x00,
  0x16, 0x00, 0x00, 0x00, 0x00, 0x00, 0x00, 0x09, 0xfc, 0x00, 0x00, 0x00,
  0xcc, 0xe6, 0xff, 0xff, 0x08, 0x00, 0x00, 0x00, 0x8c, 0x00, 0x00, 0x00,
  0x10, 0x00, 0x00, 0x00, 0x00, 0x00, 0x00, 0x00, 0x00, 0x00, 0x00, 0x00,
  0x00, 0x00, 0x00, 0x00, 0x00, 0x00, 0x00, 0x00, 0x00, 0x00, 0x00, 0x00,
  0x00, 0x00, 0x00, 0x00, 0x00, 0x00, 0x00, 0x00, 0x00, 0x00, 0x00, 0x00,
  0x00, 0x00, 0x00, 0x00, 0x00, 0x00, 0x00, 0x00, 0x00, 0x00, 0x00, 0x00,
  0x00, 0x00, 0x00, 0x00, 0x00, 0x00, 0x00, 0x00, 0x00, 0x00, 0x00, 0x00,
  0x00, 0x00, 0x00, 0x00, 0x00, 0x00, 0x00, 0x00, 0x00, 0x00, 0x00, 0x00,
  0x00, 0x00, 0x00, 0x00, 0x00, 0x00, 0x00, 0x00, 0x00, 0x00, 0x00, 0x00,
  0x00, 0x00, 0x00, 0x00, 0x00, 0x00, 0x00, 0x00, 0x00, 0x00, 0x00, 0x00,
  0x00, 0x00, 0x00, 0x00, 0x00, 0x00, 0x00, 0x00, 0x00, 0x00, 0x00, 0x00,
  0x00, 0x00, 0x00, 0x00, 0x00, 0x00, 0x00, 0x00, 0x00, 0x00, 0x00, 0x00,
  0x00, 0x00, 0x00, 0x00, 0x00, 0x00, 0x00, 0x00, 0x00, 0x00, 0x00, 0x00,
  0x00, 0x00, 0x00, 0x00, 0x10, 0x00, 0x00, 0x00, 0x55, 0x94, 0xc1, 0x3a,
  0x28, 0xa8, 0xb3, 0x3a, 0x4d, 0xbe, 0xa7, 0x3a, 0xa5, 0x1e, 0xad, 0x3a,
  0xd2, 0x88, 0xbd, 0x3a, 0xaa, 0xe1, 0xb0, 0x3a, 0xae, 0x62, 0xc9, 0x3a,
  0x6c, 0x2e, 0xaa, 0x3a, 0xdb, 0x3b, 0x99, 0x3a, 0xf6, 0x07, 0xba, 0x3a,
  0xc5, 0xf3, 0xa8, 0x3a, 0x25, 0xf6, 0xc0, 0x3a, 0x09, 0x01, 0xa7, 0x3a,
  0x09, 0x44, 0xc9, 0x3a, 0x3a, 0x7d, 0xbd, 0x3a, 0xea, 0x3e, 0xc6, 0x3a,
  0x18, 0x00, 0x00, 0x00, 0x73, 0x65, 0x71, 0x75, 0x65, 0x6e, 0x74, 0x69,
  0x61, 0x6c, 0x2f, 0x63, 0x6f, 0x6e, 0x76, 0x32, 0x64, 0x2f, 0x43, 0x6f,
  0x6e, 0x76, 0x32, 0x44, 0x00, 0x00, 0x00, 0x00, 0x04, 0x00, 0x00, 0x00,
  0x10, 0x00, 0x00, 0x00, 0x03, 0x00, 0x00, 0x00, 0x03, 0x00, 0x00, 0x00,
  0x01, 0x00, 0x00, 0x00, 0xa6, 0xe8, 0xff, 0xff, 0x00, 0x00, 0x00, 0x01,
  0x14, 0x00, 0x00, 0x00, 0xe4, 0x00, 0x00, 0x00, 0x15, 0x00, 0x00, 0x00,
  0x00, 0x00, 0x00, 0x02, 0x08, 0x01, 0x00, 0x00, 0xf4, 0xe7, 0xff, 0xff,
  0x08, 0x00, 0x00, 0x00, 0x88, 0x00, 0x00, 0x00, 0x10, 0x00, 0x00, 0x00,
  0x00, 0x00, 0x00, 0x00, 0x00, 0x00, 0x00, 0x00, 0x00, 0x00, 0x00, 0x00,
  0x00, 0x00, 0x00, 0x00, 0x00, 0x00, 0x00, 0x00, 0x00, 0x00, 0x00, 0x00,
  0x00, 0x00, 0x00, 0x00, 0x00, 0x00, 0x00, 0x00, 0x00, 0x00, 0x00, 0x00,
  0x00, 0x00, 0x00, 0x00, 0x00, 0x00, 0x00, 0x00, 0x00, 0x00, 0x00, 0x00,
  0x00, 0x00, 0x00, 0x00, 0x00, 0x00, 0x00, 0x00, 0x00, 0x00, 0x00, 0x00,
  0x00, 0x00, 0x00, 0x00, 0x00, 0x00, 0x00, 0x00, 0x00, 0x00, 0x00, 0x00,
  0x00, 0x00, 0x00, 0x00, 0x00, 0x00, 0x00, 0x00, 0x00, 0x00, 0x00, 0x00,
  0x00, 0x00, 0x00, 0x00, 0x00, 0x00, 0x00, 0x00, 0x00, 0x00, 0x00, 0x00,
  0x00, 0x00, 0x00, 0x00, 0x00, 0x00, 0x00, 0x00, 0x00, 0x00, 0x00, 0x00,
  0x00, 0x00, 0x00, 0x00, 0x00, 0x00, 0x00, 0x00, 0x00, 0x00, 0x00, 0x00,
  0x00, 0x00, 0x00, 0x00, 0x00, 0x00, 0x00, 0x00, 0x10, 0x00, 0x00, 0x00,
  0x28, 0xee, 0xa2, 0x37, 0x4b, 0x36, 0x97, 0x37, 0x50, 0x2f, 0x8d, 0x37,
  0xbe, 0xb5, 0x91, 0x37, 0x99, 0x86, 0x9f, 0x37, 0x4a, 0xe0, 0x94, 0x37,
  0x1c, 0x80, 0xa9, 0x37, 0x9f, 0x3c, 0x8f, 0x37, 0xf9, 0xf8, 0x80, 0x37,
  0xbc, 0x93, 0x9c, 0x37, 0xc9, 0x33, 0x8e, 0x37, 0x04, 0x69, 0xa2, 0x37,
  0x04, 0x90, 0x8c, 0x37, 0x51, 0x66, 0xa9, 0x37, 0xd6, 0x7c, 0x9f, 0x37,
  0x9a, 0xdb, 0xa6, 0x37, 0x28, 0x00, 0x00, 0x00, 0x73, 0x65, 0x71, 0x75,
  0x65, 0x6e, 0x74, 0x69, 0x61, 0x6c, 0x2f, 0x63, 0x6f, 0x6e, 0x76, 0x32,
  0x64, 0x2f, 0x42, 0x69, 0x61, 0x73, 0x41, 0x64, 0x64, 0x2f, 0x52, 0x65,
  0x61, 0x64, 0x56, 0x61, 0x72, 0x69, 0x61, 0x62, 0x6c, 0x65, 0x4f, 0x70,
  0x00, 0x00, 0x00, 0x00, 0x01, 0x00, 0x00, 0x00, 0x10, 0x00, 0x00, 0x00,
  0xce, 0xe9, 0xff, 0xff, 0x00, 0x00, 0x00, 0x01, 0x14, 0x00, 0x00, 0x00,
  0x30, 0x00, 0x00, 0x00, 0x14, 0x00, 0x00, 0x00, 0x00, 0x00, 0x00, 0x09,
  0x58, 0x00, 0x00, 0x00, 0x1c, 0xe9, 0xff, 0xff, 0x08, 0x00, 0x00, 0x00,
  0x10, 0x00, 0x00, 0x00, 0x01, 0x00, 0x00, 0x00, 0x80, 0xff, 0xff, 0xff,
  0xff, 0xff, 0xff, 0xff, 0x01, 0x00, 0x00, 0x00, 0xa7, 0x63, 0x8b, 0x3b,
  0x2f, 0x00, 0x00, 0x00, 0x73, 0x65, 0x71, 0x75, 0x65, 0x6e, 0x74, 0x69,
  0x61, 0x6c, 0x2f, 0x62, 0x61, 0x74, 0x63, 0x68, 0x5f, 0x6e, 0x6f, 0x72,
  0x6d, 0x61, 0x6c, 0x69, 0x7a, 0x61, 0x74, 0x69, 0x6f, 0x6e, 0x2f, 0x46,
  0x75, 0x73, 0x65, 0x64, 0x42, 0x61, 0x74, 0x63, 0x68, 0x4e, 0x6f, 0x72,
  0x6d, 0x56, 0x33, 0x00, 0x01, 0x00, 0x00, 0x00, 0x10, 0x00, 0x00, 0x00,
  0x46, 0xea, 0xff, 0xff, 0x00, 0x00, 0x00, 0x01, 0x14, 0x00, 0x00, 0x00,
  0x30, 0x00, 0x00, 0x00, 0x13, 0x00, 0x00, 0x00, 0x00, 0x00, 0x00, 0x09,
  0x5c, 0x00, 0x00, 0x00, 0x94, 0xe9, 0xff, 0xff, 0x08, 0x00, 0x00, 0x00,
  0x10, 0x00, 0x00, 0x00, 0x01, 0x00, 0x00, 0x00, 0x5c, 0x00, 0x00, 0x00,
  0x00, 0x00, 0x00, 0x00, 0x01, 0x00, 0x00, 0x00, 0x71, 0x28, 0xa5, 0x38,
  0x30, 0x00, 0x00, 0x00, 0x73, 0x65, 0x71, 0x75, 0x65, 0x6e, 0x74, 0x69,
  0x61, 0x6c, 0x2f, 0x62, 0x61, 0x74, 0x63, 0x68, 0x5f, 0x6e, 0x6f, 0x72,
  0x6d, 0x61, 0x6c, 0x69, 0x7a, 0x61, 0x74, 0x69, 0x6f, 0x6e, 0x2f, 0x46,
  0x75, 0x73, 0x65, 0x64, 0x42, 0x61, 0x74, 0x63, 0x68, 0x4e, 0x6f, 0x72,
  0x6d, 0x56, 0x33, 0x31, 0x00, 0x00, 0x00, 0x00, 0x01, 0x00, 0x00, 0x00,
  0x10, 0x00, 0x00, 0x00, 0xc2, 0xea, 0xff, 0xff, 0x00, 0x00, 0x00, 0x01,
  0x14, 0x00, 0x00, 0x00, 0xe8, 0x00, 0x00, 0x00, 0x12, 0x00, 0x00, 0x00,
  0x00, 0x00, 0x00, 0x09, 0x18, 0x01, 0x00, 0x00, 0x82, 0xf8, 0xff, 0xff,
  0x03, 0x00, 0x00, 0x00, 0x08, 0x00, 0x00, 0x00, 0x88, 0x00, 0x00, 0x00,
  0x10, 0x00, 0x00, 0x00, 0x00, 0x00, 0x00, 0x00, 0x00, 0x00, 0x00, 0x00,
  0x00, 0x00, 0x00, 0x00, 0x00, 0x00, 0x00, 0x00, 0x00, 0x00, 0x00, 0x00,
  0x00, 0x00, 0x00, 0x00, 0x00, 0x00, 0x00, 0x00, 0x00, 0x00, 0x00, 0x00,
  0x00, 0x00, 0x00, 0x00, 0x00, 0x00, 0x00, 0x00, 0x00, 0x00, 0x00, 0x00,
  0x00, 0x00, 0x00, 0x00, 0x00, 0x00, 0x00, 0x00, 0x00, 0x00, 0x00, 0x00,
  0x00, 0x00, 0x00, 0x00, 0x00, 0x00, 0x00, 0x00, 0x00, 0x00, 0x00, 0x00,
  0x00, 0x00, 0x00, 0x00, 0x00, 0x00, 0x00, 0x00, 0x00, 0x00, 0x00, 0x00,
  0x00, 0x00, 0x00, 0x00, 0x00, 0x00, 0x00, 0x00, 0x00, 0x00, 0x00, 0x00,
  0x00, 0x00, 0x00, 0x00, 0x00, 0x00, 0x00, 0x00, 0x00, 0x00, 0x00, 0x00,
  0x00, 0x00, 0x00, 0x00, 0x00, 0x00, 0x00, 0x00, 0x00, 0x00, 0x00, 0x00,
  0x00, 0x00, 0x00, 0x00, 0x00, 0x00, 0x00, 0x00, 0x00, 0x00, 0x00, 0x00,
  0x10, 0x00, 0x00, 0x00, 0xc9, 0x8a, 0xc6, 0x3a, 0x76, 0x0e, 0xd4, 0x3a,
  0x06, 0x98, 0xb8, 0x3a, 0xdf, 0x1f, 0xc9, 0x3a, 0x69, 0x26, 0xb8, 0x3a,
  0x99, 0x9c, 0xbc, 0x3a, 0x23, 0x93, 0xb8, 0x3a, 0x4f, 0x52, 0xb0, 0x3a,
  0x00, 0xec, 0xc8, 0x3a, 0xf4, 0xbc, 0xbe, 0x3a, 0x36, 0x91, 0xc9, 0x3a,
  0xda, 0xda, 0xa3, 0x3a, 0xf0, 0x2a, 0xb0, 0x3a, 0xdf, 0xa7, 0xc1, 0x3a,
  0x07, 0x6f, 0xc3, 0x3a, 0x6e, 0xb3, 0xaa, 0x3a, 0x37, 0x00, 0x00, 0x00,
  0x73, 0x65, 0x71, 0x75, 0x65, 0x6e, 0x74, 0x69, 0x61, 0x6c, 0x2f, 0x73,
  0x65, 0x70, 0x61, 0x72, 0x61, 0x62, 0x6c, 0x65, 0x5f, 0x63, 0x6f, 0x6e,
  0x76, 0x32, 0x64, 0x2f, 0x73, 0x65, 0x70, 0x61, 0x72, 0x61, 0x62, 0x6c,
  0x65, 0x5f, 0x63, 0x6f, 0x6e, 0x76, 0x32, 0x64, 0x2f, 0x64, 0x65, 0x70,
  0x74, 0x68, 0x77, 0x69, 0x73, 0x65, 0x31, 0x00, 0x04, 0x00, 0x00, 0x00,
  0x01, 0x00, 0x00, 0x00, 0x03, 0x00, 0x00, 0x00, 0x03, 0x00, 0x00, 0x00,
  0x10, 0x00, 0x00, 0x00, 0x06, 0xec, 0xff, 0xff, 0x00, 0x00, 0x00, 0x01,
  0x14, 0x00, 0x00, 0x00, 0xe8, 0x00, 0x00, 0x00, 0x11, 0x00, 0x00, 0x00,
  0x00, 0x00, 0x00, 0x02, 0x18, 0x01, 0x00, 0x00, 0x54, 0xeb, 0xff, 0xff,
  0x08, 0x00, 0x00, 0x00, 0x8c, 0x00, 0x00, 0x00, 0x10, 0x00, 0x00, 0x00,
  0x00, 0x00, 0x00, 0x00, 0x00, 0x00, 0x00, 0x00, 0x00, 0x00, 0x00, 0x00,
  0x00, 0x00, 0x00, 0x00, 0x00, 0x00, 0x00, 0x00, 0x00, 0x00, 0x00, 0x00,
  0x00, 0x00, 0x00, 0x00, 0x00, 0x00, 0x00, 0x00, 0x00, 0x00, 0x00, 0x00,
  0x00, 0x00, 0x00, 0x00, 0x00, 0x00, 0x00, 0x00, 0x00, 0x00, 0x00, 0x00,
  0x00, 0x00, 0x00, 0x00, 0x00, 0x00, 0x00, 0x00, 0x00, 0x00, 0x00, 0x00,
  0x00, 0x00, 0x00, 0x00, 0x00, 0x00, 0x00, 0x00, 0x00, 0x00, 0x00, 0x00,
  0x00, 0x00, 0x00, 0x00, 0x00, 0x00, 0x00, 0x00, 0x00, 0x00, 0x00, 0x00,
  0x00, 0x00, 0x00, 0x00, 0x00, 0x00, 0x00, 0x00, 0x00, 0x00, 0x00, 0x00,
  0x00, 0x00, 0x00, 0x00, 0x00, 0x00, 0x00, 0x00, 0x00, 0x00, 0x00, 0x00,
  0x00, 0x00, 0x00, 0x00, 0x00, 0x00, 0x00, 0x00, 0x00, 0x00, 0x00, 0x00,
  0x00, 0x00, 0x00, 0x00, 0x00, 0x00, 0x00, 0x00, 0x00, 0x00, 0x00, 0x00,
  0x10, 0x00, 0x00, 0x00, 0xc3, 0x46, 0xae, 0x36, 0x99, 0x23, 0xba, 0x36,
  0x6a, 0x08, 0xa2, 0x36, 0x0d, 0x8b, 0xb0, 0x36, 0xb0, 0xa4, 0xa1, 0x36,
  0x47, 0x8f, 0xa5, 0x36, 0x20, 0x04, 0xa2, 0x36, 0x87, 0xc5, 0x9a, 0x36,
  0x85, 0x5d, 0xb0, 0x36, 0x1a, 0x6d, 0xa7, 0x36, 0x89, 0xee, 0xb0, 0x36,
  0x21, 0xd4, 0x8f, 0x36, 0xf8, 0xa2, 0x9a, 0x36, 0xbc, 0xfc, 0xa9, 0x36,
  0x43, 0x8c, 0xab, 0x36, 0x82, 0xd6, 0x95, 0x36, 0x36, 0x00, 0x00, 0x00,
  0x73, 0x65, 0x71, 0x75, 0x65, 0x6e, 0x74, 0x69, 0x61, 0x6c, 0x2f, 0x73,
  0x65, 0x70, 0x61, 0x72, 0x61, 0x62, 0x6c, 0x65, 0x5f, 0x63, 0x6f, 0x6e,
  0x76, 0x32, 0x64, 0x2f, 0x73, 0x65, 0x70, 0x61, 0x72, 0x61, 0x62, 0x6c,
  0x65, 0x5f, 0x63, 0x6f, 0x6e, 0x76, 0x32, 0x64, 0x2f, 0x64, 0x65, 0x70,
  0x74, 0x68, 0x77, 0x69, 0x73, 0x65, 0x00, 0x00, 0x01, 0x00, 0x00, 0x00,
  0x10, 0x00, 0x00, 0x00, 0x3e, 0xed, 0xff, 0xff, 0x00, 0x00, 0x00, 0x01,
  0x14, 0x00, 0x00, 0x00, 0xa4, 0x01, 0x00, 0x00, 0x10, 0x00, 0x00, 0x00,
  0x00, 0x00, 0x00, 0x09, 0xcc, 0x01, 0x00, 0x00, 0x8c, 0xec, 0xff, 0xff,
  0x08, 0x00, 0x00, 0x00, 0x08, 0x01, 0x00, 0x00, 0x20, 0x00, 0x00, 0x00,
  0x00, 0x00, 0x00, 0x00, 0x00, 0x00, 0x00, 0x00, 0x00, 0x00, 0x00, 0x00,
  0x00, 0x00, 0x00, 0x00, 0x00, 0x00, 0x00, 0x00, 0x00, 0x00, 0x00, 0x00,
  0x00, 0x00, 0x00, 0x00, 0x00, 0x00, 0x00, 0x00, 0x00, 0x00, 0x00, 0x00,
  0x00, 0x00, 0x00, 0x00, 0x00, 0x00, 0x00, 0x00, 0x00, 0x00, 0x00, 0x00,
  0x00, 0x00, 0x00, 0x00, 0x00, 0x00, 0x00, 0x00, 0x00, 0x00, 0x00, 0x00,
  0x00, 0x00, 0x00, 0x00, 0x00, 0x00, 0x00, 0x00, 0x00, 0x00, 0x00, 0x00,
  0x00, 0x00, 0x00, 0x00, 0x00, 0x00, 0x00, 0x00, 0x00, 0x00, 0x00, 0x00,
  0x00, 0x00, 0x00, 0x00, 0x00, 0x00, 0x00, 0x00, 0x00, 0x00, 0x00, 0x00,
  0x00, 0x00, 0x00, 0x00, 0x00, 0x00, 0x00, 0x00, 0x00, 0x00, 0x00, 0x00,
  0x00, 0x00, 0x00, 0x00, 0x00, 0x00, 0x00, 0x00, 0x00, 0x00, 0x00, 0x00,
  0x00, 0x00, 0x00, 0x00, 0x00, 0x00, 0x00, 0x00, 0x00, 0x00, 0x00, 0x00,
  0x00, 0x00, 0x00, 0x00, 0x00, 0x00, 0x00, 0x00, 0x00, 0x00, 0x00, 0x00,
  0x00, 0x00, 0x00, 0x00, 0x00, 0x00, 0x00, 0x00, 0x00, 0x00, 0x00, 0x00,
  0x00, 0x00, 0x00, 0x00, 0x00, 0x00, 0x00, 0x00, 0x00, 0x00, 0x00, 0x00,
  0x00, 0x00, 0x00, 0x00, 0x00, 0x00, 0x00, 0x00, 0x00, 0x00, 0x00, 0x00,
  0x00, 0x00, 0x00, 0x00, 0x00, 0x00, 0x00, 0x00, 0x00, 0x00, 0x00, 0x00,
  0x00, 0x00, 0x00, 0x00, 0x00, 0x00, 0x00, 0x00, 0x00, 0x00, 0x00, 0x00,
  0x00, 0x00, 0x00, 0x00, 0x00, 0x00, 0x00, 0x00, 0x00, 0x00, 0x00, 0x00,
  0x00, 0x00, 0x00, 0x00, 0x00, 0x00, 0x00, 0x00, 0x00, 0x00, 0x00, 0x00,
  0x00, 0x00, 0x00, 0x00, 0x00, 0x00, 0x00, 0x00, 0x00, 0x00, 0x00, 0x00,
  0x00, 0x00, 0x00, 0x00, 0x00, 0x00, 0x00, 0x00, 0x00, 0x00, 0x00, 0x00,
  0x00, 0x00, 0x00, 0x00, 0x20, 0x00, 0x00, 0x00, 0x6f, 0xad, 0x31, 0x3b,
  0xcb, 0x1a, 0x2e, 0x3b, 0x1b, 0x68, 0x2f, 0x3b, 0x61, 0x87, 0x1d, 0x3b,
  0xf9, 0xba, 0x30, 0x3b, 0x23, 0x10, 0x2e, 0x3b, 0xca, 0xc1, 0x2f, 0x3b,
  0x2c, 0xa1, 0x33, 0x3b, 0x4e, 0x6b, 0x2d, 0x3b, 0x92, 0x1c, 0x36, 0x3b,
  0x07, 0x8a, 0x2c, 0x3b, 0x51, 0xbd, 0x34, 0x3b, 0x1a, 0x8f, 0x31, 0x3b,
  0x1b, 0xff, 0x1b, 0x3b, 0xba, 0x37, 0x2d, 0x3b, 0xee, 0x00, 0x2c, 0x3b,
  0x43, 0x95, 0x31, 0x3b, 0x17, 0x94, 0x29, 0x3b, 0x7c, 0x29, 0x2f, 0x3b,
  0x68, 0xee, 0x33, 0x3b, 0xb8, 0xc2, 0x2d, 0x3b, 0x0d, 0x93, 0x2c, 0x3b,
  0xc2, 0x9c, 0x2b, 0x3b, 0x79, 0xb0, 0x24, 0x3b, 0xc2, 0xf3, 0x30, 0x3b,
  0x47, 0x35, 0x38, 0x3b, 0x15, 0x93, 0x12, 0x3b, 0xb8, 0xaa, 0x32, 0x3b,
  0x6c, 0x74, 0x36, 0x3b, 0x70, 0x32, 0x30, 0x3b, 0xf0, 0x17, 0x2e, 0x3b,
  0x5f, 0x04, 0x22, 0x3b, 0x2c, 0x00, 0x00, 0x00, 0x73, 0x65, 0x71, 0x75,
  0x65, 0x6e, 0x74, 0x69, 0x61, 0x6c, 0x2f, 0x73, 0x65, 0x70, 0x61, 0x72,
  0x61, 0x62, 0x6c, 0x65, 0x5f, 0x63, 0x6f, 0x6e, 0x76, 0x32, 0x64, 0x2f,
  0x73, 0x65, 0x70, 0x61, 0x72, 0x61, 0x62, 0x6c, 0x65, 0x5f, 0x63, 0x6f,
  0x6e, 0x76, 0x32, 0x64, 0x00, 0x00, 0x00, 0x00, 0x04, 0x00, 0x00, 0x00,
  0x20, 0x00, 0x00, 0x00, 0x01, 0x00, 0x00, 0x00, 0x01, 0x00, 0x00, 0x00,
  0x10, 0x00, 0x00, 0x00, 0x36, 0xef, 0xff, 0xff, 0x00, 0x00, 0x00, 0x01,
  0x14, 0x00, 0x00, 0x00, 0xa4, 0x01, 0x00, 0x00, 0x0f, 0x00, 0x00, 0x00,
  0x00, 0x00, 0x00, 0x02, 0xd0, 0x01, 0x00, 0x00, 0x84, 0xee, 0xff, 0xff,
  0x08, 0x00, 0x00, 0x00, 0x08, 0x01, 0x00, 0x00, 0x20, 0x00, 0x00, 0x00,
  0x00, 0x00, 0x00, 0x00, 0x00, 0x00, 0x00, 0x00, 0x00, 0x00, 0x00, 0x00,
  0x00, 0x00, 0x00, 0x00, 0x00, 0x00, 0x00, 0x00, 0x00, 0x00, 0x00, 0x00,
  0x00, 0x00, 0x00, 0x00, 0x00, 0x00, 0x00, 0x00, 0x00, 0x00, 0x00, 0x00,
  0x00, 0x00, 0x00, 0x00, 0x00, 0x00, 0x00, 0x00, 0x00, 0x00, 0x00, 0x00,
  0x00, 0x00, 0x00, 0x00, 0x00, 0x00, 0x00, 0x00, 0x00, 0x00, 0x00, 0x00,
  0x00, 0x00, 0x00, 0x00, 0x00, 0x00, 0x00, 0x00, 0x00, 0x00, 0x00, 0x00,
  0x00, 0x00, 0x00, 0x00, 0x00, 0x00, 0x00, 0x00, 0x00, 0x00, 0x00, 0x00,
  0x00, 0x00, 0x00, 0x00, 0x00, 0x00, 0x00, 0x00, 0x00, 0x00, 0x00, 0x00,
  0x00, 0x00, 0x00, 0x00, 0x00, 0x00, 0x00, 0x00, 0x00, 0x00, 0x00, 0x00,
  0x00, 0x00, 0x00, 0x00, 0x00, 0x00, 0x00, 0x00, 0x00, 0x00, 0x00, 0x00,
  0x00, 0x00, 0x00, 0x00, 0x00, 0x00, 0x00, 0x00, 0x00, 0x00, 0x00, 0x00,
  0x00, 0x00, 0x00, 0x00, 0x00, 0x00, 0x00, 0x00, 0x00, 0x00, 0x00, 0x00,
  0x00, 0x00, 0x00, 0x00, 0x00, 0x00, 0x00, 0x00, 0x00, 0x00, 0x00, 0x00,
  0x00, 0x00, 0x00, 0x00, 0x00, 0x00, 0x00, 0x00, 0x00, 0x00, 0x00, 0x00,
  0x00, 0x00, 0x00, 0x00, 0x00, 0x00, 0x00, 0x00, 0x00, 0x00, 0x00, 0x00,
  0x00, 0x00, 0x00, 0x00, 0x00, 0x00, 0x00, 0x00, 0x00, 0x00, 0x00, 0x00,
  0x00, 0x00, 0x00, 0x00, 0x00, 0x00, 0x00, 0x00, 0x00, 0x00, 0x00, 0x00,
  0x00, 0x00, 0x00, 0x00, 0x00, 0x00, 0x00, 0x00, 0x00, 0x00, 0x00, 0x00,
  0x00, 0x00, 0x00, 0x00, 0x00, 0x00, 0x00, 0x00, 0x00, 0x00, 0x00, 0x00,
  0x00, 0x00, 0x00, 0x00, 0x00, 0x00, 0x00, 0x00, 0x00, 0x00, 0x00, 0x00,
  0x00, 0x00, 0x00, 0x00, 0x00, 0x00, 0x00, 0x00, 0x00, 0x00, 0x00, 0x00,
  0x00, 0x00, 0x00, 0x00, 0x20, 0x00, 0x00, 0x00, 0xb6, 0x18, 0xf2, 0x36,
  0x75, 0x3a, 0xed, 0x36, 0x9d, 0x00, 0xef, 0x36, 0x8b, 0xa4, 0xd6, 0x36,
  0x58, 0xce, 0xf0, 0x36, 0xf0, 0x2b, 0xed, 0x36, 0xd0, 0x7a, 0xef, 0x36,
  0xa2, 0xc1, 0xf4, 0x36, 0x58, 0x4b, 0xec, 0x36, 0x67, 0x23, 0xf8, 0x36,
  0x63, 0x18, 0xeb, 0x36, 0xcc, 0x44, 0xf6, 0x36, 0x61, 0xef, 0xf1, 0x36,
  0x0c, 0x8e, 0xd4, 0x36, 0x10, 0x05, 0xec, 0x36, 0x95, 0x5d, 0xea, 0x36,
  0xc6, 0xf7, 0xf1, 0x36, 0xa7, 0x0f, 0xe7, 0x36, 0x4a, 0xab, 0xee, 0x36,
  0xdf, 0x2a, 0xf5, 0x36, 0x73, 0xc2, 0xec, 0x36, 0xaf, 0x24, 0xeb, 0x36,
  0x18, 0xd5, 0xe9, 0x36, 0x3f, 0x66, 0xe0, 0x36, 0xb7, 0x1b, 0xf1, 0x36,
  0xb3, 0xfe, 0xfa, 0x36, 0x84, 0xb7, 0xc7, 0x36, 0xd4, 0x71, 0xf3, 0x36,
  0x1b, 0x9b, 0xf8, 0x36, 0x4e, 0x14, 0xf0, 0x36, 0x91, 0x36, 0xed, 0x36,
  0x1d, 0xc2, 0xdc, 0x36, 0x32, 0x00, 0x00, 0x00, 0x73, 0x65, 0x71, 0x75,
  0x65, 0x6e, 0x74, 0x69, 0x61, 0x6c, 0x2f, 0x73, 0x65, 0x70, 0x61, 0x72,
  0x61, 0x62, 0x6c, 0x65, 0x5f, 0x63, 0x6f, 0x6e, 0x76, 0x32, 0x64, 0x2f,
  0x42, 0x69, 0x61, 0x73, 0x41, 0x64, 0x64, 0x2f, 0x52, 0x65, 0x61, 0x64,
  0x56, 0x61, 0x72, 0x69, 0x61, 0x62, 0x6c, 0x65, 0x4f, 0x70, 0x00, 0x00,
  0x01, 0x00, 0x00, 0x00, 0x20, 0x00, 0x00, 0x00, 0x26, 0xf1, 0xff, 0xff,
  0x00, 0x00, 0x00, 0x01, 0x14, 0x00, 0x00, 0x00, 0x34, 0x00, 0x00, 0x00,
  0x0e, 0x00, 0x00, 0x00, 0x00, 0x00, 0x00, 0x09, 0x60, 0x00, 0x00, 0x00,
  0x74, 0xf0, 0xff, 0xff, 0x08, 0x00, 0x00, 0x00, 0x14, 0x00, 0x00, 0x00,
  0x01, 0x00, 0x00, 0x00, 0x80, 0xff, 0xff, 0xff, 0xff, 0xff, 0xff, 0xff,
  0x00, 0x00, 0x00, 0x00, 0x01, 0x00, 0x00, 0x00, 0x0a, 0x5e, 0x8b, 0x3b,
  0x31, 0x00, 0x00, 0x00, 0x73, 0x65, 0x71, 0x75, 0x65, 0x6e, 0x74, 0x69,
  0x61, 0x6c, 0x2f, 0x62, 0x61, 0x74, 0x63, 0x68, 0x5f, 0x6e, 0x6f, 0x72,
  0x6d, 0x61, 0x6c, 0x69, 0x7a, 0x61, 0x74, 0x69, 0x6f, 0x6e, 0x5f, 0x31,
  0x2f, 0x46, 0x75, 0x73, 0x65, 0x64, 0x42, 0x61, 0x74, 0x63, 0x68, 0x4e,
  0x6f, 0x72, 0x6d, 0x56, 0x33, 0x00, 0x00, 0x00, 0x01, 0x00, 0x00, 0x00,
  0x20, 0x00, 0x00, 0x00, 0xa6, 0xf1, 0xff, 0xff, 0x00, 0x00, 0x00, 0x01,
  0x14, 0x00, 0x00, 0x00, 0x34, 0x00, 0x00, 0x00, 0x0d, 0x00, 0x00, 0x00,
  0x00, 0x00, 0x00, 0x09, 0x60, 0x00, 0x00, 0x00, 0xf4, 0xf0, 0xff, 0xff,
  0x08, 0x00, 0x00, 0x00, 0x14, 0x00, 0x00, 0x00, 0x01, 0x00, 0x00, 0x00,
  0x53, 0x00, 0x00, 0x00, 0x00, 0x00, 0x00, 0x00, 0x00, 0x00, 0x00, 0x00,
  0x01, 0x00, 0x00, 0x00, 0x39, 0x45, 0x85, 0x39, 0x32, 0x00, 0x00, 0x00,
  0x73, 0x65, 0x71, 0x75, 0x65, 0x6e, 0x74, 0x69, 0x61, 0x6c, 0x2f, 0x62,
  0x61, 0x74, 0x63, 0x68, 0x5f, 0x6e, 0x6f, 0x72, 0x6d, 0x61, 0x6c, 0x69,
  0x7a, 0x61, 0x74, 0x69, 0x6f, 0x6e, 0x5f, 0x31, 0x2f, 0x46, 0x75, 0x73,
  0x65, 0x64, 0x42, 0x61, 0x74, 0x63, 0x68, 0x4e, 0x6f, 0x72, 0x6d, 0x56,
  0x33, 0x31, 0x00, 0x00, 0x01, 0x00, 0x00, 0x00, 0x20, 0x00, 0x00, 0x00,
  0x00, 0x00, 0x16, 0x00, 0x1e, 0x00, 0x18, 0x00, 0x17, 0x00, 0x10, 0x00,
  0x0c, 0x00, 0x08, 0x00, 0x00, 0x00, 0x00, 0x00, 0x00, 0x00, 0x07, 0x00,
  0x16, 0x00, 0x00, 0x00, 0x00, 0x00, 0x00, 0x01, 0x28, 0x00, 0x00, 0x00,
  0xc0, 0x01, 0x00, 0x00, 0x0c, 0x00, 0x00, 0x00, 0x00, 0x00, 0x00, 0x09,
  0xf4, 0x01, 0x00, 0x00, 0x00, 0x00, 0x12, 0x00, 0x10, 0x00, 0x00, 0x00,
  0x00, 0x00, 0x0c, 0x00, 0x08, 0x00, 0x00, 0x00, 0x00, 0x00, 0x04, 0x00,
  0x12, 0x00, 0x00, 0x00, 0x03, 0x00, 0x00, 0x00, 0x08, 0x00, 0x00, 0x00,
  0x0c, 0x01, 0x00, 0x00, 0x20, 0x00, 0x00, 0x00, 0x00, 0x00, 0x00, 0x00,
  0x00, 0x00, 0x00, 0x00, 0x00, 0x00, 0x00, 0x00, 0x00, 0x00, 0x00, 0x00,
  0x00, 0x00, 0x00, 0x00, 0x00, 0x00, 0x00, 0x00, 0x00, 0x00, 0x00, 0x00,
  0x00, 0x00, 0x00, 0x00, 0x00, 0x00, 0x00, 0x00, 0x00, 0x00, 0x00, 0x00,
  0x00, 0x00, 0x00, 0x00, 0x00, 0x00, 0x00, 0x00, 0x00, 0x00, 0x00, 0x00,
  0x00, 0x00, 0x00, 0x00, 0x00, 0x00, 0x00, 0x00, 0x00, 0x00, 0x00, 0x00,
  0x00, 0x00, 0x00, 0x00, 0x00, 0x00, 0x00, 0x00, 0x00, 0x00, 0x00, 0x00,
  0x00, 0x00, 0x00, 0x00, 0x00, 0x00, 0x00, 0x00, 0x00, 0x00, 0x00, 0x00,
  0x00, 0x00, 0x00, 0x00, 0x00, 0x00, 0x00, 0x00, 0x00, 0x00, 0x00, 0x00,
  0x00, 0x00, 0x00, 0x00, 0x00, 0x00, 0x00, 0x00, 0x00, 0x00, 0x00, 0x00,
  0x00, 0x00, 0x00, 0x00, 0x00, 0x00, 0x00, 0x00, 0x00, 0x00, 0x00, 0x00,
  0x00, 0x00, 0x00, 0x00, 0x00, 0x00, 0x00, 0x00, 0x00, 0x00, 0x00, 0x00,
  0x00, 0x00, 0x00, 0x00, 0x00, 0x00, 0x00, 0x00, 0x00, 0x00, 0x00, 0x00,
  0x00, 0x00, 0x00, 0x00, 0x00, 0x00, 0x00, 0x00, 0x00, 0x00, 0x00, 0x00,
  0x00, 0x00, 0x00, 0x00, 0x00, 0x00, 0x00, 0x00, 0x00, 0x00, 0x00, 0x00,
  0x00, 0x00, 0x00, 0x00, 0x00, 0x00, 0x00, 0x00, 0x00, 0x00, 0x00, 0x00,
  0x00, 0x00, 0x00, 0x00, 0x00, 0x00, 0x00, 0x00, 0x00, 0x00, 0x00, 0x00,
  0x00, 0x00, 0x00, 0x00, 0x00, 0x00, 0x00, 0x00, 0x00, 0x00, 0x00, 0x00,
  0x00, 0x00, 0x00, 0x00, 0x00, 0x00, 0x00, 0x00, 0x00, 0x00, 0x00, 0x00,
  0x00, 0x00, 0x00, 0x00, 0x00, 0x00, 0x00, 0x00, 0x00, 0x00, 0x00, 0x00,
  0x00, 0x00, 0x00, 0x00, 0x00, 0x00, 0x00, 0x00, 0x00, 0x00, 0x00, 0x00,
  0x00, 0x00, 0x00, 0x00, 0x00, 0x00, 0x00, 0x00, 0x00, 0x00, 0x00, 0x00,
  0x00, 0x00, 0x00, 0x00, 0x20, 0x00, 0x00, 0x00, 0x83, 0x52, 0x6a, 0x3a,
  0xdc, 0x96, 0x76, 0x3a, 0xb4, 0xd5, 0x92, 0x3a, 0x14, 0x02, 0x94, 0x3a,
  0xc8, 0x13, 0x40, 0x3a, 0x35, 0x4e, 0x87, 0x3a, 0xe8, 0x44, 0x7f, 0x3a,
  0xc3, 0x11, 0x94, 0x3a, 0x81, 0x9a, 0x87, 0x3a, 0x8a, 0xe9, 0x93, 0x3a,
  0xfd, 0x17, 0x9b, 0x3a, 0x32, 0xf8, 0x68, 0x3a, 0x81, 0x51, 0x7e, 0x3a,
  0xaa, 0x89, 0x77, 0x3a, 0x49, 0x46, 0x66, 0x3a, 0xf7, 0x28, 0x90, 0x3a,
  0x23, 0xe1, 0x6f, 0x3a, 0x88, 0x1b, 0x8f, 0x3a, 0x78, 0x4b, 0x60, 0x3a,
  0xca, 0x38, 0x89, 0x3a, 0x9a, 0x54, 0x8f, 0x3a, 0x31, 0x82, 0x72, 0x3a,
  0x9c, 0x58, 0x8d, 0x3a, 0xeb, 0xbe, 0x83, 0x3a, 0x14, 0x97, 0x8d, 0x3a,
  0x0c, 0xa1, 0x84, 0x3a, 0x3f, 0x20, 0x7b, 0x3a, 0x2e, 0xb5, 0x62, 0x3a,
  0x5f, 0x18, 0x8c, 0x3a, 0xaa, 0x8a, 0x85, 0x3a, 0xf8, 0x26, 0x84, 0x3a,
  0xb1, 0x7c, 0x88, 0x3a, 0x39, 0x00, 0x00, 0x00, 0x73, 0x65, 0x71, 0x75,
  0x65, 0x6e, 0x74, 0x69, 0x61, 0x6c, 0x2f, 0x73, 0x65, 0x70, 0x61, 0x72,
  0x61, 0x62, 0x6c, 0x65, 0x5f, 0x63, 0x6f, 0x6e, 0x76, 0x32, 0x64, 0x5f,
  0x31, 0x2f, 0x73, 0x65, 0x70, 0x61, 0x72, 0x61, 0x62, 0x6c, 0x65, 0x5f,
  0x63, 0x6f, 0x6e, 0x76, 0x32, 0x64, 0x2f, 0x64, 0x65, 0x70, 0x74, 0x68,
  0x77, 0x69, 0x73, 0x65, 0x31, 0x00, 0x00, 0x00, 0x04, 0x00, 0x00, 0x00,
  0x01, 0x00, 0x00, 0x00, 0x03, 0x00, 0x00, 0x00, 0x03, 0x00, 0x00, 0x00,
  0x20, 0x00, 0x00, 0x00, 0x5e, 0xf4, 0xff, 0xff, 0x00, 0x00, 0x00, 0x01,
  0x14, 0x00, 0x00, 0x00, 0xa4, 0x01, 0x00, 0x00, 0x0b, 0x00, 0x00, 0x00,
  0x00, 0x00, 0x00, 0x02, 0xd8, 0x01, 0x00, 0x00, 0xac, 0xf3, 0xff, 0xff,
  0x08, 0x00, 0x00, 0x00, 0x08, 0x01, 0x00, 0x00, 0x20, 0x00, 0x00, 0x00,
  0x00, 0x00, 0x00, 0x00, 0x00, 0x00, 0x00, 0x00, 0x00, 0x00, 0x00, 0x00,
  0x00, 0x00, 0x00, 0x00, 0x00, 0x00, 0x00, 0x00, 0x00, 0x00, 0x00, 0x00,
  0x00, 0x00, 0x00, 0x00, 0x00, 0x00, 0x00, 0x00, 0x00, 0x00, 0x00, 0x00,
  0x00, 0x00, 0x00, 0x00, 0x00, 0x00, 0x00, 0x00, 0x00, 0x00, 0x00, 0x00,
  0x00, 0x00, 0x00, 0x00, 0x00, 0x00, 0x00, 0x00, 0x00, 0x00, 0x00, 0x00,
  0x00, 0x00, 0x00, 0x00, 0x00, 0x00, 0x00, 0x00, 0x00, 0x00, 0x00, 0x00,
  0x00, 0x00, 0x00, 0x00, 0x00, 0x00, 0x00, 0x00, 0x00, 0x00, 0x00, 0x00,
  0x00, 0x00, 0x00, 0x00, 0x00, 0x00, 0x00, 0x00, 0x00, 0x00, 0x00, 0x00,
  0x00, 0x00, 0x00, 0x00, 0x00, 0x00, 0x00, 0x00, 0x00, 0x00, 0x00, 0x00,
  0x00, 0x00, 0x00, 0x00, 0x00, 0x00, 0x00, 0x00, 0x00, 0x00, 0x00, 0x00,
  0x00, 0x00, 0x00, 0x00, 0x00, 0x00, 0x00, 0x00, 0x00, 0x00, 0x00, 0x00,
  0x00, 0x00, 0x00, 0x00, 0x00, 0x00, 0x00, 0x00, 0x00, 0x00, 0x00, 0x00,
  0x00, 0x00, 0x00, 0x00, 0x00, 0x00, 0x00, 0x00, 0x00, 0x00, 0x00, 0x00,
  0x00, 0x00, 0x00, 0x00, 0x00, 0x00, 0x00, 0x00, 0x00, 0x00, 0x00, 0x00,
  0x00, 0x00, 0x00, 0x00, 0x00, 0x00, 0x00, 0x00, 0x00, 0x00, 0x00, 0x00,
  0x00, 0x00, 0x00, 0x00, 0x00, 0x00, 0x00, 0x00, 0x00, 0x00, 0x00, 0x00,
  0x00, 0x00, 0x00, 0x00, 0x00, 0x00, 0x00, 0x00, 0x00, 0x00, 0x00, 0x00,
  0x00, 0x00, 0x00, 0x00, 0x00, 0x00, 0x00, 0x00, 0x00, 0x00, 0x00, 0x00,
  0x00, 0x00, 0x00, 0x00, 0x00, 0x00, 0x00, 0x00, 0x00, 0x00, 0x00, 0x00,
  0x00, 0x00, 0x00, 0x00, 0x00, 0x00, 0x00, 0x00, 0x00, 0x00, 0x00, 0x00,
  0x00, 0x00, 0x00, 0x00, 0x00, 0x00, 0x00, 0x00, 0x00, 0x00, 0x00, 0x00,
  0x00, 0x00, 0x00, 0x00, 0x20, 0x00, 0x00, 0x00, 0x6b, 0x07, 0x64, 0x35,
  0x6c, 0xf7, 0x6f, 0x35, 0x22, 0xe4, 0x8e, 0x35, 0x71, 0x08, 0x90, 0x35,
  0x25, 0xeb, 0x3a, 0x35, 0xe8, 0xab, 0x83, 0x35, 0xca, 0x69, 0x78, 0x35,
  0xb4, 0x17, 0x90, 0x35, 0x28, 0xf6, 0x83, 0x35, 0x90, 0xf0, 0x8f, 0x35,
  0xa2, 0xed, 0x96, 0x35, 0x67, 0xb6, 0x62, 0x35, 0xed, 0x7c, 0x77, 0x35,
  0xb5, 0xe3, 0x70, 0x35, 0x05, 0x17, 0x60, 0x35, 0xc9, 0x49, 0x8c, 0x35,
  0xd5, 0x6f, 0x69, 0x35, 0x97, 0x43, 0x8b, 0x35, 0x52, 0x45, 0x5a, 0x35,
  0x50, 0x89, 0x85, 0x35, 0x20, 0x7b, 0x8b, 0x35, 0xd0, 0xfe, 0x6b, 0x35,
  0xc7, 0x8c, 0x89, 0x35, 0x18, 0x35, 0x80, 0x35, 0x91, 0xc9, 0x89, 0x35,
  0x26, 0x11, 0x81, 0x35, 0x9e, 0x61, 0x74, 0x35, 0x71, 0x9e, 0x5c, 0x35,
  0x24, 0x55, 0x88, 0x35, 0x7e, 0xf4, 0x81, 0x35, 0x5a, 0x9a, 0x80, 0x35,
  0x45, 0xd2, 0x84, 0x35, 0x38, 0x00, 0x00, 0x00, 0x73, 0x65, 0x71, 0x75,
  0x65, 0x6e, 0x74, 0x69, 0x61, 0x6c, 0x2f, 0x73, 0x65, 0x70, 0x61, 0x72,
  0x61, 0x62, 0x6c, 0x65, 0x5f, 0x63, 0x6f, 0x6e, 0x76, 0x32, 0x64, 0x5f,
  0x31, 0x2f, 0x73, 0x65, 0x70, 0x61, 0x72, 0x61, 0x62, 0x6c, 0x65, 0x5f,
  0x63, 0x6f, 0x6e, 0x76, 0x32, 0x64, 0x2f, 0x64, 0x65, 0x70, 0x74, 0x68,
  0x77, 0x69, 0x73, 0x65, 0x00, 0x00, 0x00, 0x00, 0x01, 0x00, 0x00, 0x00,
  0x20, 0x00, 0x00, 0x00, 0x56, 0xf6, 0xff, 0xff, 0x00, 0x00, 0x00, 0x01,
  0x14, 0x00, 0x00, 0x00, 0x24, 0x03, 0x00, 0x00, 0x0a, 0x00, 0x00, 0x00,
  0x00, 0x00, 0x00, 0x09, 0x4c, 0x03, 0x00, 0x00, 0xa4, 0xf5, 0xff, 0xff,
  0x08, 0x00, 0x00, 0x00, 0x08, 0x02, 0x00, 0x00, 0x40, 0x00, 0x00, 0x00,
  0x00, 0x00, 0x00, 0x00, 0x00, 0x00, 0x00, 0x00, 0x00, 0x00, 0x00, 0x00,
  0x00, 0x00, 0x00, 0x00, 0x00, 0x00, 0x00, 0x00, 0x00, 0x00, 0x00, 0x00,
  0x00, 0x00, 0x00, 0x00, 0x00, 0x00, 0x00, 0x00, 0x00, 0x00, 0x00, 0x00,
  0x00, 0x00, 0x00, 0x00, 0x00, 0x00, 0x00, 0x00, 0x00, 0x00, 0x00, 0x00,
  0x00, 0x00, 0x00, 0x00, 0x00, 0x00, 0x00, 0x00, 0x00, 0x00, 0x00, 0x00,
  0x00, 0x00, 0x00, 0x00, 0x00, 0x00, 0x00, 0x00, 0x00, 0x00, 0x00, 0x00,
  0x00, 0x00, 0x00, 0x00, 0x00, 0x00, 0x00, 0x00, 0x00, 0x00, 0x00, 0x00,
  0x00, 0x00, 0x00, 0x00, 0x00, 0x00, 0x00, 0x00, 0x00, 0x00, 0x00, 0x00,
  0x00, 0x00, 0x00, 0x00, 0x00, 0x00, 0x00, 0x00, 0x00, 0x00, 0x00, 0x00,
  0x00, 0x00, 0x00, 0x00, 0x00, 0x00, 0x00, 0x00, 0x00, 0x00, 0x00, 0x00,
  0x00, 0x00, 0x00, 0x00, 0x00, 0x00, 0x00, 0x00, 0x00, 0x00, 0x00, 0x00,
  0x00, 0x00, 0x00, 0x00, 0x00, 0x00, 0x00, 0x00, 0x00, 0x00, 0x00, 0x00,
  0x00, 0x00, 0x00, 0x00, 0x00, 0x00, 0x00, 0x00, 0x00, 0x00, 0x00, 0x00,
  0x00, 0x00, 0x00, 0x00, 0x00, 0x00, 0x00, 0x00, 0x00, 0x00, 0x00, 0x00,
  0x00, 0x00, 0x00, 0x00, 0x00, 0x00, 0x00, 0x00, 0x00, 0x00, 0x00, 0x00,
  0x00, 0x00, 0x00, 0x00, 0x00, 0x00, 0x00, 0x00, 0x00, 0x00, 0x00, 0x00,
  0x00, 0x00, 0x00, 0x00, 0x00, 0x00, 0x00, 0x00, 0x00, 0x00, 0x00, 0x00,
  0x00, 0x00, 0x00, 0x00, 0x00, 0x00, 0x00, 0x00, 0x00, 0x00, 0x00, 0x00,
  0x00, 0x00, 0x00, 0x00, 0x00, 0x00, 0x00, 0x00, 0x00, 0x00, 0x00, 0x00,
  0x00, 0x00, 0x00, 0x00, 0x00, 0x00, 0x00, 0x00, 0x00, 0x00, 0x00, 0x00,
  0x00, 0x00, 0x00, 0x00, 0x00, 0x00, 0x00, 0x00, 0x00, 0x00, 0x00, 0x00,
  0x00, 0x00, 0x00, 0x00, 0x00, 0x00, 0x00, 0x00, 0x00, 0x00, 0x00, 0x00,
  0x00, 0x00, 0x00, 0x00, 0x00, 0x00, 0x00, 0x00, 0x00, 0x00, 0x00, 0x00,
  0x00, 0x00, 0x00, 0x00, 0x00, 0x00, 0x00, 0x00, 0x00, 0x00, 0x00, 0x00,
  0x00, 0x00, 0x00, 0x00, 0x00, 0x00, 0x00, 0x00, 0x00, 0x00, 0x00, 0x00,
  0x00, 0x00, 0x00, 0x00, 0x00, 0x00, 0x00, 0x00, 0x00, 0x00, 0x00, 0x00,
  0x00, 0x00, 0x00, 0x00, 0x00, 0x00, 0x00, 0x00, 0x00, 0x00, 0x00, 0x00,
  0x00, 0x00, 0x00, 0x00, 0x00, 0x00, 0x00, 0x00, 0x00, 0x00, 0x00, 0x00,
  0x00, 0x00, 0x00, 0x00, 0x00, 0x00, 0x00, 0x00, 0x00, 0x00, 0x00, 0x00,
  0x00, 0x00, 0x00, 0x00, 0x00, 0x00, 0x00, 0x00, 0x00, 0x00, 0x00, 0x00,
  0x00, 0x00, 0x00, 0x00, 0x00, 0x00, 0x00, 0x00, 0x00, 0x00, 0x00, 0x00,
  0x00, 0x00, 0x00, 0x00, 0x00, 0x00, 0x00, 0x00, 0x00, 0x00, 0x00, 0x00,
  0x00, 0x00, 0x00, 0x00, 0x00, 0x00, 0x00, 0x00, 0x00, 0x00, 0x00, 0x00,
  0x00, 0x00, 0x00, 0x00, 0x00, 0x00, 0x00, 0x00, 0x00, 0x00, 0x00, 0x00,
  0x00, 0x00, 0x00, 0x00, 0x00, 0x00, 0x00, 0x00, 0x00, 0x00, 0x00, 0x00,
  0x00, 0x00, 0x00, 0x00, 0x00, 0x00, 0x00, 0x00, 0x00, 0x00, 0x00, 0x00,
  0x00, 0x00, 0x00, 0x00, 0x00, 0x00, 0x00, 0x00, 0x00, 0x00, 0x00, 0x00,
  0x00, 0x00, 0x00, 0x00, 0x00, 0x00, 0x00, 0x00, 0x00, 0x00, 0x00, 0x00,
  0x00, 0x00, 0x00, 0x00, 0x00, 0x00, 0x00, 0x00, 0x00, 0x00, 0x00, 0x00,
  0x00, 0x00, 0x00, 0x00, 0x00, 0x00, 0x00, 0x00, 0x00, 0x00, 0x00, 0x00,
  0x00, 0x00, 0x00, 0x00, 0x00, 0x00, 0x00, 0x00, 0x00, 0x00, 0x00, 0x00,
  0x00, 0x00, 0x00, 0x00, 0x00, 0x00, 0x00, 0x00, 0x00, 0x00, 0x00, 0x00,
  0x00, 0x00, 0x00, 0x00, 0x00, 0x00, 0x00, 0x00, 0x40, 0x00, 0x00, 0x00,
  0x7a, 0x88, 0xfe, 0x3a, 0xb3, 0x38, 0xfd, 0x3a, 0x37, 0xf4, 0xf2, 0x3a,
  0xe6, 0x0d, 0xfe, 0x3a, 0x7d, 0x3f, 0xfb, 0x3a, 0xcc, 0x66, 0xfe, 0x3a,
  0x82, 0xfc, 0x04, 0x3b, 0x86, 0xf0, 0xfa, 0x3a, 0xd0, 0xab, 0xf1, 0x3a,
  0x24, 0x69, 0xf9, 0x3a, 0x7b, 0xce, 0xfc, 0x3a, 0x64, 0xe2, 0xf3, 0x3a,
  0x84, 0x0d, 0xf8, 0x3a, 0x04, 0x53, 0xf7, 0x3a, 0xd4, 0xbf, 0xfc, 0x3a,
  0x77, 0x9f, 0x03, 0x3b, 0x6d, 0x56, 0xf5, 0x3a, 0xd9, 0x3b, 0xfe, 0x3a,
  0x4a, 0x36, 0xfe, 0x3a, 0x20, 0x07, 0xec, 0x3a, 0x47, 0xeb, 0x01, 0x3b,
  0x80, 0xd7, 0xf9, 0x3a, 0xb6, 0xd7, 0xf9, 0x3a, 0x00, 0xaf, 0xfd, 0x3a,
  0x51, 0x75, 0xfd, 0x3a, 0xdc, 0x89, 0xfc, 0x3a, 0xa9, 0x9f, 0x01, 0x3b,
  0x67, 0x58, 0xff, 0x3a, 0x2a, 0xac, 0xfd, 0x3a, 0xf8, 0x98, 0xfc, 0x3a,
  0x53, 0xc2, 0x00, 0x3b, 0xb9, 0xb6, 0x01, 0x3b, 0xde, 0x04, 0xf8, 0x3a,
  0x59, 0x05, 0x03, 0x3b, 0x30, 0x28, 0x01, 0x3b, 0x9f, 0x8a, 0xfd, 0x3a,
  0xf5, 0x8f, 0x00, 0x3b, 0xd8, 0x75, 0xfa, 0x3a, 0x21, 0xa8, 0x01, 0x3b,
  0x70, 0xc0, 0xfd, 0x3a, 0xe8, 0x23, 0x00, 0x3b, 0x35, 0x08, 0x01, 0x3b,
  0x93, 0xfb, 0x02, 0x3b, 0xc5, 0x01, 0x00, 0x3b, 0x90, 0xf6, 0xfd, 0x3a,
  0x34, 0xa8, 0xf7, 0x3a, 0x08, 0xaa, 0xff, 0x3a, 0x17, 0x3d, 0xf9, 0x3a,
  0x33, 0x38, 0xef, 0x3a, 0x71, 0x59, 0xfe, 0x3a, 0xaf, 0x3b, 0xf6, 0x3a,
  0x11, 0x50, 0xfb, 0x3a, 0x56, 0xf4, 0xf1, 0x3a, 0x04, 0x42, 0x04, 0x3b,
  0x0b, 0x0e, 0xfb, 0x3a, 0xa0, 0xb1, 0x03, 0x3b, 0x4f, 0x66, 0x00, 0x3b,
  0x4b, 0x8c, 0xed, 0x3a, 0x27, 0xbe, 0xfc, 0x3a, 0x80, 0x15, 0x04, 0x3b,
  0x2f, 0xb0, 0xfa, 0x3a, 0x7b, 0x70, 0xf0, 0x3a, 0x32, 0x60, 0x00, 0x3b,
  0x07, 0x4b, 0xfc, 0x3a, 0x2e, 0x00, 0x00, 0x00, 0x73, 0x65, 0x71, 0x75,
  0x65, 0x6e, 0x74, 0x69, 0x61, 0x6c, 0x2f, 0x73, 0x65, 0x70, 0x61, 0x72,
  0x61, 0x62, 0x6c, 0x65, 0x5f, 0x63, 0x6f, 0x6e, 0x76, 0x32, 0x64, 0x5f,
  0x31, 0x2f, 0x73, 0x65, 0x70, 0x61, 0x72, 0x61, 0x62, 0x6c, 0x65, 0x5f,
  0x63, 0x6f, 0x6e, 0x76, 0x32, 0x64, 0x00, 0x00, 0x04, 0x00, 0x00, 0x00,
  0x40, 0x00, 0x00, 0x00, 0x01, 0x00, 0x00, 0x00, 0x01, 0x00, 0x00, 0x00,
  0x20, 0x00, 0x00, 0x00, 0xce, 0xf9, 0xff, 0xff, 0x00, 0x00, 0x00, 0x01,
  0x14, 0x00, 0x00, 0x00, 0x28, 0x03, 0x00, 0x00, 0x09, 0x00, 0x00, 0x00,
  0x00, 0x00, 0x00, 0x02, 0x58, 0x03, 0x00, 0x00, 0x1c, 0xf9, 0xff, 0xff,
  0x08, 0x00, 0x00, 0x00, 0x0c, 0x02, 0x00, 0x00, 0x40, 0x00, 0x00, 0x00,
  0x00, 0x00, 0x00, 0x00, 0x00, 0x00, 0x00, 0x00, 0x00, 0x00, 0x00, 0x00,
  0x00, 0x00, 0x00, 0x00, 0x00, 0x00, 0x00, 0x00, 0x00, 0x00, 0x00, 0x00,
  0x00, 0x00, 0x00, 0x00, 0x00, 0x00, 0x00, 0x00, 0x00, 0x00, 0x00, 0x00,
  0x00, 0x00, 0x00, 0x00, 0x00, 0x00, 0x00, 0x00, 0x00, 0x00, 0x00, 0x00,
  0x00, 0x00, 0x00, 0x00, 0x00, 0x00, 0x00, 0x00, 0x00, 0x00, 0x00, 0x00,
  0x00, 0x00, 0x00, 0x00, 0x00, 0x00, 0x00, 0x00, 0x00, 0x00, 0x00, 0x00,
  0x00, 0x00, 0x00, 0x00, 0x00, 0x00, 0x00, 0x00, 0x00, 0x00, 0x00, 0x00,
  0x00, 0x00, 0x00, 0x00, 0x00, 0x00, 0x00, 0x00, 0x00, 0x00, 0x00, 0x00,
  0x00, 0x00, 0x00, 0x00, 0x00, 0x00, 0x00, 0x00, 0x00, 0x00, 0x00, 0x00,
  0x00, 0x00, 0x00, 0x00, 0x00, 0x00, 0x00, 0x00, 0x00, 0x00, 0x00, 0x00,
  0x00, 0x00, 0x00, 0x00, 0x00, 0x00, 0x00, 0x00, 0x00, 0x00, 0x00, 0x00,
  0x00, 0x00, 0x00, 0x00, 0x00, 0x00, 0x00, 0x00, 0x00, 0x00, 0x00, 0x00,
  0x00, 0x00, 0x00, 0x00, 0x00, 0x00, 0x00, 0x00, 0x00, 0x00, 0x00, 0x00,
  0x00, 0x00, 0x00, 0x00, 0x00, 0x00, 0x00, 0x00, 0x00, 0x00, 0x00, 0x00,
  0x00, 0x00, 0x00, 0x00, 0x00, 0x00, 0x00, 0x00, 0x00, 0x00, 0x00, 0x00,
  0x00, 0x00, 0x00, 0x00, 0x00, 0x00, 0x00, 0x00, 0x00, 0x00, 0x00, 0x00,
  0x00, 0x00, 0x00, 0x00, 0x00, 0x00, 0x00, 0x00, 0x00, 0x00, 0x00, 0x00,
  0x00, 0x00, 0x00, 0x00, 0x00, 0x00, 0x00, 0x00, 0x00, 0x00, 0x00, 0x00,
  0x00, 0x00, 0x00, 0x00, 0x00, 0x00, 0x00, 0x00, 0x00, 0x00, 0x00, 0x00,
  0x00, 0x00, 0x00, 0x00, 0x00, 0x00, 0x00, 0x00, 0x00, 0x00, 0x00, 0x00,
  0x00, 0x00, 0x00, 0x00, 0x00, 0x00, 0x00, 0x00, 0x00, 0x00, 0x00, 0x00,
  0x00, 0x00, 0x00, 0x00, 0x00, 0x00, 0x00, 0x00, 0x00, 0x00, 0x00, 0x00,
  0x00, 0x00, 0x00, 0x00, 0x00, 0x00, 0x00, 0x00, 0x00, 0x00, 0x00, 0x00,
  0x00, 0x00, 0x00, 0x00, 0x00, 0x00, 0x00, 0x00, 0x00, 0x00, 0x00, 0x00,
  0x00, 0x00, 0x00, 0x00, 0x00, 0x00, 0x00, 0x00, 0x00, 0x00, 0x00, 0x00,
  0x00, 0x00, 0x00, 0x00, 0x00, 0x00, 0x00, 0x00, 0x00, 0x00, 0x00, 0x00,
  0x00, 0x00, 0x00, 0x00, 0x00, 0x00, 0x00, 0x00, 0x00, 0x00, 0x00, 0x00,
  0x00, 0x00, 0x00, 0x00, 0x00, 0x00, 0x00, 0x00, 0x00, 0x00, 0x00, 0x00,
  0x00, 0x00, 0x00, 0x00, 0x00, 0x00, 0x00, 0x00, 0x00, 0x00, 0x00, 0x00,
  0x00, 0x00, 0x00, 0x00, 0x00, 0x00, 0x00, 0x00, 0x00, 0x00, 0x00, 0x00,
  0x00, 0x00, 0x00, 0x00, 0x00, 0x00, 0x00, 0x00, 0x00, 0x00, 0x00, 0x00,
  0x00, 0x00, 0x00, 0x00, 0x00, 0x00, 0x00, 0x00, 0x00, 0x00, 0x00, 0x00,
  0x00, 0x00, 0x00, 0x00, 0x00, 0x00, 0x00, 0x00, 0x00, 0x00, 0x00, 0x00,
  0x00, 0x00, 0x00, 0x00, 0x00, 0x00, 0x00, 0x00, 0x00, 0x00, 0x00, 0x00,
  0x00, 0x00, 0x00, 0x00, 0x00, 0x00, 0x00, 0x00, 0x00, 0x00, 0x00, 0x00,
  0x00, 0x00, 0x00, 0x00, 0x00, 0x00, 0x00, 0x00, 0x00, 0x00, 0x00, 0x00,
  0x00, 0x00, 0x00, 0x00, 0x00, 0x00, 0x00, 0x00, 0x00, 0x00, 0x00, 0x00,
  0x00, 0x00, 0x00, 0x00, 0x00, 0x00, 0x00, 0x00, 0x00, 0x00, 0x00, 0x00,
  0x00, 0x00, 0x00, 0x00, 0x00, 0x00, 0x00, 0x00, 0x00, 0x00, 0x00, 0x00,
  0x00, 0x00, 0x00, 0x00, 0x00, 0x00, 0x00, 0x00, 0x00, 0x00, 0x00, 0x00,
  0x00, 0x00, 0x00, 0x00, 0x00, 0x00, 0x00, 0x00, 0x00, 0x00, 0x00, 0x00,
  0x00, 0x00, 0x00, 0x00, 0x00, 0x00, 0x00, 0x00, 0x00, 0x00, 0x00, 0x00,
  0x00, 0x00, 0x00, 0x00, 0x00, 0x00, 0x00, 0x00, 0x00, 0x00, 0x00, 0x00,
  0x40, 0x00, 0x00, 0x00, 0xa9, 0xbd, 0xe1, 0x34, 0xde, 0x93, 0xe0, 0x34,
  0xb6, 0x78, 0xd7, 0x34, 0xf3, 0x50, 0xe1, 0x34, 0xce, 0xd3, 0xde, 0x34,
  0xcb, 0x9f, 0xe1, 0x34, 0xee, 0xe2, 0xeb, 0x34, 0xc6, 0x8d, 0xde, 0x34,
  0x75, 0x55, 0xd6, 0x34, 0xa9, 0x32, 0xdd, 0x34, 0xaa, 0x35, 0xe0, 0x34,
  0xf2, 0x4b, 0xd8, 0x34, 0x5c, 0xfe, 0xdb, 0x34, 0xf5, 0x58, 0xdb, 0x34,
  0xab, 0x28, 0xe0, 0x34, 0xd0, 0x77, 0xe9, 0x34, 0xe5, 0x95, 0xd9, 0x34,
  0xb4, 0x79, 0xe1, 0x34, 0xc5, 0x74, 0xe1, 0x34, 0x31, 0x54, 0xd1, 0x34,
  0x1e, 0x72, 0xe6, 0x34, 0x8a, 0x94, 0xdd, 0x34, 0xb9, 0x94, 0xdd, 0x34,
  0xc9, 0xfc, 0xe0, 0x34, 0xa1, 0xc9, 0xe0, 0x34, 0xce, 0xf8, 0xdf, 0x34,
  0xfd, 0xeb, 0xe5, 0x34, 0x11, 0x76, 0xe2, 0x34, 0x45, 0xfa, 0xe0, 0x34,
  0x34, 0x06, 0xe0, 0x34, 0x64, 0x63, 0xe4, 0x34, 0xe6, 0x14, 0xe6, 0x34,
  0xb0, 0xf6, 0xdb, 0x34, 0x72, 0x66, 0xe8, 0x34, 0x13, 0x18, 0xe5, 0x34,
  0x86, 0xdc, 0xe0, 0x34, 0x0e, 0x0a, 0xe4, 0x34, 0xf8, 0x20, 0xde, 0x34,
  0x03, 0xfb, 0xe5, 0x34, 0x40, 0x0c, 0xe1, 0x34, 0x65, 0x4a, 0xe3, 0x34,
  0x59, 0xdf, 0xe4, 0x34, 0x1c, 0x55, 0xe8, 0x34, 0xd9, 0x0d, 0xe3, 0x34,
  0x41, 0x3c, 0xe1, 0x34, 0x82, 0xa4, 0xdb, 0x34, 0x76, 0xbe, 0xe2, 0x34,
  0x98, 0x0b, 0xdd, 0x34, 0xd7, 0x28, 0xd4, 0x34, 0xf3, 0x93, 0xe1, 0x34,
  0x39, 0x61, 0xda, 0x34, 0x82, 0xe2, 0xde, 0x34, 0xc7, 0x95, 0xd6, 0x34,
  0x23, 0x98, 0xea, 0x34, 0xf4, 0xa7, 0xde, 0x34, 0x06, 0x98, 0xe9, 0x34,
  0x2e, 0xc0, 0xe3, 0x34, 0x56, 0xad, 0xd2, 0x34, 0x2f, 0x27, 0xe0, 0x34,
  0x2d, 0x49, 0xea, 0x34, 0xb6, 0x54, 0xde, 0x34, 0xcb, 0x3d, 0xd5, 0x34,
  0x56, 0xb5, 0xe3, 0x34, 0x15, 0xc1, 0xdf, 0x34, 0x34, 0x00, 0x00, 0x00,
  0x73, 0x65, 0x71, 0x75, 0x65, 0x6e, 0x74, 0x69, 0x61, 0x6c, 0x2f, 0x73,
  0x65, 0x70, 0x61, 0x72, 0x61, 0x62, 0x6c, 0x65, 0x5f, 0x63, 0x6f, 0x6e,
  0x76, 0x32, 0x64, 0x5f, 0x31, 0x2f, 0x42, 0x69, 0x61, 0x73, 0x41, 0x64,
  0x64, 0x2f, 0x52, 0x65, 0x61, 0x64, 0x56, 0x61, 0x72, 0x69, 0x61, 0x62,
  0x6c, 0x65, 0x4f, 0x70, 0x00, 0x00, 0x00, 0x00, 0x01, 0x00, 0x00, 0x00,
  0x40, 0x00, 0x00, 0x00, 0x46, 0xfd, 0xff, 0xff, 0x00, 0x00, 0x00, 0x01,
  0x14, 0x00, 0x00, 0x00, 0x34, 0x00, 0x00, 0x00, 0x08, 0x00, 0x00, 0x00,
  0x00, 0x00, 0x00, 0x09, 0x60, 0x00, 0x00, 0x00, 0x94, 0xfc, 0xff, 0xff,
  0x08, 0x00, 0x00, 0x00, 0x14, 0x00, 0x00, 0x00, 0x01, 0x00, 0x00, 0x00,
  0x80, 0xff, 0xff, 0xff, 0xff, 0xff, 0xff, 0xff, 0x00, 0x00, 0x00, 0x00,
  0x01, 0x00, 0x00, 0x00, 0x94, 0x59, 0x8c, 0x3b, 0x31, 0x00, 0x00, 0x00,
  0x73, 0x65, 0x71, 0x75, 0x65, 0x6e, 0x74, 0x69, 0x61, 0x6c, 0x2f, 0x62,
  0x61, 0x74, 0x63, 0x68, 0x5f, 0x6e, 0x6f, 0x72, 0x6d, 0x61, 0x6c, 0x69,
  0x7a, 0x61, 0x74, 0x69, 0x6f, 0x6e, 0x5f, 0x32, 0x2f, 0x46, 0x75, 0x73,
  0x65, 0x64, 0x42, 0x61, 0x74, 0x63, 0x68, 0x4e, 0x6f, 0x72, 0x6d, 0x56,
  0x33, 0x00, 0x00, 0x00, 0x01, 0x00, 0x00, 0x00, 0x40, 0x00, 0x00, 0x00,
  0xc6, 0xfd, 0xff, 0xff, 0x00, 0x00, 0x00, 0x01, 0x14, 0x00, 0x00, 0x00,
  0x34, 0x00, 0x00, 0x00, 0x07, 0x00, 0x00, 0x00, 0x00, 0x00, 0x00, 0x09,
  0x60, 0x00, 0x00, 0x00, 0x14, 0xfd, 0xff, 0xff, 0x08, 0x00, 0x00, 0x00,
  0x14, 0x00, 0x00, 0x00, 0x01, 0x00, 0x00, 0x00, 0x67, 0x00, 0x00, 0x00,
  0x00, 0x00, 0x00, 0x00, 0x00, 0x00, 0x00, 0x00, 0x01, 0x00, 0x00, 0x00,
  0x64, 0xe3, 0x05, 0x39, 0x32, 0x00, 0x00, 0x00, 0x73, 0x65, 0x71, 0x75,
  0x65, 0x6e, 0x74, 0x69, 0x61, 0x6c, 0x2f, 0x62, 0x61, 0x74, 0x63, 0x68,
  0x5f, 0x6e, 0x6f, 0x72, 0x6d, 0x61, 0x6c, 0x69, 0x7a, 0x61, 0x74, 0x69,
  0x6f, 0x6e, 0x5f, 0x32, 0x2f, 0x46, 0x75, 0x73, 0x65, 0x64, 0x42, 0x61,
  0x74, 0x63, 0x68, 0x4e, 0x6f, 0x72, 0x6d, 0x56, 0x33, 0x31, 0x00, 0x00,
  0x01, 0x00, 0x00, 0x00, 0x40, 0x00, 0x00, 0x00, 0x46, 0xfe, 0xff, 0xff,
  0x00, 0x00, 0x00, 0x01, 0x14, 0x00, 0x00, 0x00, 0x34, 0x00, 0x00, 0x00,
  0x06, 0x00, 0x00, 0x00, 0x00, 0x00, 0x00, 0x09, 0x44, 0x00, 0x00, 0x00,
  0x94, 0xfd, 0xff, 0xff, 0x08, 0x00, 0x00, 0x00, 0x14, 0x00, 0x00, 0x00,
  0x01, 0x00, 0x00, 0x00, 0x00, 0x00, 0x00, 0x00, 0x00, 0x00, 0x00, 0x00,
  0x00, 0x00, 0x00, 0x00, 0x01, 0x00, 0x00, 0x00, 0xef, 0x55, 0xeb, 0x3a,
  0x17, 0x00, 0x00, 0x00, 0x73, 0x65, 0x71, 0x75, 0x65, 0x6e, 0x74, 0x69,
  0x61, 0x6c, 0x2f, 0x64, 0x65, 0x6e, 0x73, 0x65, 0x2f, 0x4d, 0x61, 0x74,
  0x4d, 0x75, 0x6c, 0x00, 0x02, 0x00, 0x00, 0x00, 0x40, 0x00, 0x00, 0x00,
  0x40, 0x00, 0x00, 0x00, 0xae, 0xfe, 0xff, 0xff, 0x00, 0x00, 0x00, 0x01,
  0x14, 0x00, 0x00, 0x00, 0x30, 0x00, 0x00, 0x00, 0x05, 0x00, 0x00, 0x00,
  0x00, 0x00, 0x00, 0x02, 0x50, 0x00, 0x00, 0x00, 0xfc, 0xfd, 0xff, 0xff,
  0x08, 0x00, 0x00, 0x00, 0x10, 0x00, 0x00, 0x00, 0x01, 0x00, 0x00, 0x00,
  0x00, 0x00, 0x00, 0x00, 0x00, 0x00, 0x00, 0x00, 0x01, 0x00, 0x00, 0x00,
  0xd5, 0xc1, 0x81, 0x34, 0x27, 0x00, 0x00, 0x00, 0x73, 0x65, 0x71, 0x75,
  0x65, 0x6e, 0x74, 0x69, 0x61, 0x6c, 0x2f, 0x64, 0x65, 0x6e, 0x73, 0x65,
  0x2f, 0x42, 0x69, 0x61, 0x73, 0x41, 0x64, 0x64, 0x2f, 0x52, 0x65, 0x61,
  0x64, 0x56, 0x61, 0x72, 0x69, 0x61, 0x62, 0x6c, 0x65, 0x4f, 0x70, 0x00,
  0x01, 0x00, 0x00, 0x00, 0x40, 0x00, 0x00, 0x00, 0x1e, 0xff, 0xff, 0xff,
  0x00, 0x00, 0x00, 0x01, 0x14, 0x00, 0x00, 0x00, 0x30, 0x00, 0x00, 0x00,
  0x04, 0x00, 0x00, 0x00, 0x00, 0x00, 0x00, 0x09, 0x44, 0x00, 0x00, 0x00,
  0x6c, 0xfe, 0xff, 0xff, 0x08, 0x00, 0x00, 0x00, 0x10, 0x00, 0x00, 0x00,
  0x01, 0x00, 0x00, 0x00, 0x00, 0x00, 0x00, 0x00, 0x00, 0x00, 0x00, 0x00,
  0x01, 0x00, 0x00, 0x00, 0xa6, 0x01, 0x1b, 0x3b, 0x19, 0x00, 0x00, 0x00,
  0x73, 0x65, 0x71, 0x75, 0x65, 0x6e, 0x74, 0x69, 0x61, 0x6c, 0x2f, 0x64,
  0x65, 0x6e, 0x73, 0x65, 0x5f, 0x31, 0x2f, 0x4d, 0x61, 0x74, 0x4d, 0x75,
  0x6c, 0x00, 0x00, 0x00, 0x02, 0x00, 0x00, 0x00, 0x06, 0x00, 0x00, 0x00,
  0x40, 0x00, 0x00, 0x00, 0x86, 0xff, 0xff, 0xff, 0x00, 0x00, 0x00, 0x01,
  0x14, 0x00, 0x00, 0x00, 0x34, 0x00, 0x00, 0x00, 0x03, 0x00, 0x00, 0x00,
  0x00, 0x00, 0x00, 0x02, 0x58, 0x00, 0x00, 0x00, 0xd4, 0xfe, 0xff, 0xff,
  0x08, 0x00, 0x00, 0x00, 0x14, 0x00, 0x00, 0x00, 0x01, 0x00, 0x00, 0x00,
  0x00, 0x00, 0x00, 0x00, 0x00, 0x00, 0x00, 0x00, 0x00, 0x00, 0x00, 0x00,
  0x01, 0x00, 0x00, 0x00, 0xe7, 0xa7, 0xef, 0x34, 0x29, 0x00, 0x00, 0x00,
  0x73, 0x65, 0x71, 0x75, 0x65, 0x6e, 0x74, 0x69, 0x61, 0x6c, 0x2f, 0x64,
  0x65, 0x6e, 0x73, 0x65, 0x5f, 0x31, 0x2f, 0x42, 0x69, 0x61, 0x73, 0x41,
  0x64, 0x64, 0x2f, 0x52, 0x65, 0x61, 0x64, 0x56, 0x61, 0x72, 0x69, 0x61,
  0x62, 0x6c, 0x65, 0x4f, 0x70, 0x00, 0x00, 0x00, 0x01, 0x00, 0x00, 0x00,
  0x06, 0x00, 0x00, 0x00, 0x00, 0x00, 0x16, 0x00, 0x1c, 0x00, 0x18, 0x00,
  0x17, 0x00, 0x10, 0x00, 0x0c, 0x00, 0x08, 0x00, 0x00, 0x00, 0x00, 0x00,
  0x00, 0x00, 0x07, 0x00, 0x16, 0x00, 0x00, 0x00, 0x00, 0x00, 0x00, 0x01,
  0x18, 0x00, 0x00, 0x00, 0x18, 0x00, 0x00, 0x00, 0x02, 0x00, 0x00, 0x00,
  0x00, 0x00, 0x00, 0x02, 0x4c, 0x00, 0x00, 0x00, 0x04, 0x00, 0x04, 0x00,
  0x04, 0x00, 0x00, 0x00, 0x3a, 0x00, 0x00, 0x00, 0x73, 0x65, 0x71, 0x75,
  0x65, 0x6e, 0x74, 0x69, 0x61, 0x6c, 0x2f, 0x67, 0x6c, 0x6f, 0x62, 0x61,
  0x6c, 0x5f, 0x61, 0x76, 0x65, 0x72, 0x61, 0x67, 0x65, 0x5f, 0x70, 0x6f,
  0x6f, 0x6c, 0x69, 0x6e, 0x67, 0x32, 0x64, 0x2f, 0x4d, 0x65, 0x61, 0x6e,
  0x2f, 0x72, 0x65, 0x64, 0x75, 0x63, 0x74, 0x69, 0x6f, 0x6e, 0x5f, 0x69,
  0x6e, 0x64, 0x69, 0x63, 0x65, 0x73, 0x00, 0x00, 0x01, 0x00, 0x00, 0x00,
  0x02, 0x00, 0x00, 0x00, 0x00, 0x00, 0x16, 0x00, 0x20, 0x00, 0x1c, 0x00,
  0x1b, 0x00, 0x14, 0x00, 0x10, 0x00, 0x0c, 0x00, 0x00, 0x00, 0x00, 0x00,
  0x08, 0x00, 0x07, 0x00, 0x16, 0x00, 0x00, 0x00, 0x00, 0x00, 0x00, 0x01,
  0x18, 0x00, 0x00, 0x00, 0x34, 0x00, 0x00, 0x00, 0x50, 0x00, 0x00, 0x00,
  0x01, 0x00, 0x00, 0x00, 0x00, 0x00, 0x00, 0x09, 0x64, 0x00, 0x00, 0x00,
  0x04, 0x00, 0x00, 0x00, 0xff, 0xff, 0xff, 0xff, 0x31, 0x00, 0x00, 0x00,
  0x0d, 0x00, 0x00, 0x00, 0x01, 0x00, 0x00, 0x00, 0x0c, 0x00, 0x0c, 0x00,
  0x00, 0x00, 0x00, 0x00, 0x08, 0x00, 0x04, 0x00, 0x0c, 0x00, 0x00, 0x00,
  0x08, 0x00, 0x00, 0x00, 0x10, 0x00, 0x00, 0x00, 0x01, 0x00, 0x00, 0x00,
  0xf2, 0xff, 0xff, 0xff, 0xff, 0xff, 0xff, 0xff, 0x01, 0x00, 0x00, 0x00,
  0xca, 0x77, 0x57, 0x3c, 0x19, 0x00, 0x00, 0x00, 0x73, 0x65, 0x72, 0x76,
  0x69, 0x6e, 0x67, 0x5f, 0x64, 0x65, 0x66, 0x61, 0x75, 0x6c, 0x74, 0x5f,
  0x69, 0x6e, 0x70, 0x75, 0x74, 0x5f, 0x31, 0x3a, 0x30, 0x00, 0x00, 0x00,
  0x04, 0x00, 0x00, 0x00, 0x01, 0x00, 0x00, 0x00, 0x31, 0x00, 0x00, 0x00,
  0x0d, 0x00, 0x00, 0x00, 0x01, 0x00, 0x00, 0x00, 0x08, 0x00, 0x00, 0x00,
  0xa8, 0x00, 0x00, 0x00, 0x88, 0x00, 0x00, 0x00, 0x7c, 0x00, 0x00, 0x00,
  0x60, 0x00, 0x00, 0x00, 0x40, 0x00, 0x00, 0x00, 0x2c, 0x00, 0x00, 0x00,
  0x18, 0x00, 0x00, 0x00, 0x04, 0x00, 0x00, 0x00, 0x84, 0xff, 0xff, 0xff,
  0x19, 0x00, 0x00, 0x00, 0x02, 0x00, 0x00, 0x00, 0x00, 0x00, 0x00, 0x19,
  0x94, 0xff, 0xff, 0xff, 0x09, 0x00, 0x00, 0x00, 0x04, 0x00, 0x00, 0x00,
  0x00, 0x00, 0x00, 0x09, 0xa4, 0xff, 0xff, 0xff, 0x28, 0x00, 0x00, 0x00,
  0x02, 0x00, 0x00, 0x00, 0x00, 0x00, 0x00, 0x28, 0xb4, 0xff, 0xff, 0xff,
  0x04, 0x00, 0x00, 0x00, 0x03, 0x00, 0x00, 0x00, 0x00, 0x00, 0x00, 0x04,
  0x0c, 0x00, 0x0e, 0x00, 0x0d, 0x00, 0x00, 0x00, 0x08, 0x00, 0x04, 0x00,
  0x0c, 0x00, 0x00, 0x00, 0x11, 0x00, 0x00, 0x00, 0x02, 0x00, 0x00, 0x00,
  0x00, 0x11, 0x0a, 0x00, 0x08, 0x00, 0x00, 0x00, 0x00, 0x00, 0x04, 0x00,
  0x0a, 0x00, 0x00, 0x00, 0x02, 0x00, 0x00, 0x00, 0xf0, 0xff, 0xff, 0xff,
  0x12, 0x00, 0x00, 0x00, 0x02, 0x00, 0x00, 0x00, 0x00, 0x00, 0x00, 0x12,
  0x0c, 0x00, 0x10, 0x00, 0x0f, 0x00, 0x00, 0x00, 0x08, 0x00, 0x04, 0x00,
  0x0c, 0x00, 0x00, 0x00, 0x03, 0x00, 0x00, 0x00, 0x03, 0x00, 0x00, 0x00,
  0x00, 0x00, 0x00, 0x03,
};
const unsigned int g_kws_model_len = 20872;
